id,itemNo,name,model,internalCode,externalCode1,externalCode2,price,suggestedImageFilename
sp-1,1,اشارة خلفي يمين,ADIVA,3563024,35630-N1710-000,35630-N1710-000,312.5,35630-N1710-000.jpg
sp-2,2,اشارة خلفي شمال,ADIVA,3564024,35640-N1710-000,35640-N1710-000,312.5,35640-N1710-000.jpg
sp-3,3,مرايا يمين,ADIVA,5650024,56500-N1710-000,56500-N1710-000,687.5,56500-N1710-000.jpg
sp-4,4,مرايا شمال,ADIVA,5660024,566600-N1710-000,566600-N1710-000,687.5,566600-N1710-000.jpg
sp-5,5,رشاش بنزين,cruisym 300,9641414,06414-LEF-000-A,06414-LEF-000-A,4275.814147049438,06414-LEF-000-A.jpg
sp-8,8,بنز نص كرتيرا شمال (6*5),cruisym 300,1113314,11133-A1A-300,11133-A1A-300,31.127926990519917,11133-A1A-300.jpg
sp-10,10,نص كراتيرا شمال,cruisym 300,1120014,11200-L3A-009,11200-L3A-009,11672.972621444967,11200-L3A-009.jpg
sp-13,13,غطاء كرتيرا يمين,cruisym 300,1133014,11330-L3A-000,11330-L3A-000,5002.702552047843,11330-L3A-000.jpg
sp-14,14,وش الماتور,cruisym 300,1134114,11341-L3A-000,11341-L3A-000,5173.735117929819,11341-L3A-000.jpg
sp-17,17,جوان غطاء نص كرتيرا يمين,cruisym 300,1139414,11394-HMA-000,11394-HMA-000,256.9892513029241,11394-HMA-000.jpg
sp-19,19,سلندر,cruisym 300,1210014,12100-L9L-000,12100-L9L-000,7119.230554837315,12100-L9L-000.jpg
sp-21,21,راس سلندر,cruisym 300,1220014,12200-L3A-010,12200-L3A-010,10326.091165124395,12200-L3A-010.jpg
sp-24,24,غطاء راس سلندر ( تاكيهات ),cruisym 300,1230114,12301-HMA-000,12301-HMA-000,1646.188446614034,12301-HMA-000.jpg
sp-26,26,طبة زيت,cruisym 300,1236A14,1236A-V02-000,1236A-V02-000,149.6534951467304,1236A-V02-000.jpg
sp-28,28,كرانك,cruisym 300,1300014,13000-L3A-000,13000-L3A-000,11929.521470267937,13000-L3A-000.jpg
sp-29,29,شمبر - سلندر,cruisym 300,1301014,13010-L9L-000,13010-L9L-000,1068.9535367623596,13010-L9L-000.jpg
sp-30,30,بستم,cruisym 300,1310114,13101-BCF-010,13101-BCF-010,1560.6721636730454,13101-BCF-010.jpg
sp-32,32,كامه,cruisym 300,1410014,14100-RFB-000,14100-RFB-000,2843.4164077878772,14100-RFB-000.jpg
sp-36,36,مجموعة شواكيش داخلية,cruisym 300,1443A14,1443A-LEA-000,1443A-LEA-000,1555.1732783173525,1443A-LEA-000.jpg
sp-37,37,شواكيش خارجية,cruisym 300,1444114,1444A-LEA-000,1444A-LEA-000,1411.018668526315,1444A-LEA-000.jpg
sp-41,41,جوان سكس بلف,cruisym 300,1452314,14523-M9Q-000,14523-M9Q-000,29.370200148905614,14523-M9Q-000.jpg
sp-45,45,سوستة ضغط صباب,cruisym 300,1475114,14751-HMA-000,14751-HMA-000,66.70270069397125,14751-HMA-000.jpg
sp-51,51,جوان طلمبة زيت,cruisym 300,1512614,15126-B8A-0000,15126-B8A-0000,48.915313842245574,15126-B8A-0000.jpg
sp-57,57,مقياس زيت,cruisym 300,1565A14,1565A-LEA-000,1565A-LEA-000,66.70270069397125,1565A-LEA-000.jpg
sp-59,59,OILBAFFLEPLATE,cruisym 300,1571314,15713-HMC-010,15713-HMC-010,66.70270069397125,15713-HMC-010.jpg
sp-61,61,THROTTLE BODY ASSY,cruisym 300,1640114,16401-L3D-000,16401-L3D-000,10219.195811448157,16401-L3D-000.jpg
sp-62,62,THB.M.A.P.SENSORSERVICEPARTS,cruisym 300,1640314,16403-F6K-000,16403-F6K-000,5280.630471606057,16403-F6K-000.jpg
sp-63,63,طلمبه بنزين,cruisym 300,1670A14,1670A-HWA-000,1670A-HWA-000,12784.684299677825,1670A-HWA-000.jpg
sp-64,64,FUELTUBE,cruisym 300,1673014,16730-L3A-000,16730-L3A-000,1603.4303051435402,16730-L3A-000.jpg
sp-65,65,كوعة كربراتير,cruisym 300,1711A14,1711A-LHF-000,1711A-LHF-000,940.6791123508765,1711A-LHF-000.jpg
sp-66,66,ملحق رشاش بنزين,cruisym 300,1712014,17120-HNS-010,17120-HNS-010,427.581414704944,17120-HNS-010.jpg
sp-67,67,فلتر هواء,cruisym 300,1720014,17200-LM1-000,17200-LM1-000,4021.184412,17200-LM1-000.jpg
sp-68,68,غيار فلتر هواء,cruisym 300,1721114,17211-HMA-000,17211-HMA-000,3788.0046875,17211-HMA-000.jpg
sp-70,70,جهاز عادم بيئة,cruisym 300,1730A14,1730A-L3D-000,1730A-L3D-000,1432.3977392615618,1730A-L3D-000.jpg
sp-71,71,BREATHERCHAMBERASSY,cruisym 300,1738A14,1738A-L3A-000,1738A-L3A-000,876.5419001451348,1738A-L3A-000.jpg
sp-72,72,تنك بنزين,cruisym 300,1750014,17500-L3A-010,17500-L3A-010,5793.72816925199,17500-L3A-010.jpg
sp-73,73,PACKINGFILTERNECK,cruisym 300,1751214,17512-L3A-010,17512-L3A-010,111.17116782328544,17512-L3A-010.jpg
sp-74,74,خرطوم صمام جهاز البيئة,cruisym 300,1757614,17576-L2A-010,17576-L2A-010,342.0651317639551,17576-L2A-010.jpg
sp-75,75,جهاز عادم,cruisym 300,1757A14,1757A-L3A-000,1757A-L3A-000,1453.7768099968093,1757A-L3A-000.jpg
sp-76,76,FUELCUTVALVEASSY,cruisym 300,1758014,17580-LA2-000,17580-LA2-000,277.9279195582135,17580-LA2-000.jpg
sp-78,78,سلك بنزين a,cruisym 300,1791014,17910-L3A-000,17910-L3A-000,684.1302635279102,17910-L3A-000.jpg
sp-79,79,سلك بنزين b,cruisym 300,1792014,17920-L3A-000,17920-L3A-000,684.1302635279102,17920-L3A-000.jpg
sp-80,80,شكمان كامل,cruisym 300,1800014,18000-LM6-000,18000-LM6-000,34035.480610513536,18000-LM6-000.jpg
sp-81,81,حلية شكمان,cruisym 300,1831814,18318-LM1-000,18318-LM1-000,1118.8380351446035,18318-LM1-000.jpg
sp-82,82,لسان الصباب,cruisym 300,1861014,18610-L2E-000,18610-L2E-000,855.162829409888,18610-L2E-000.jpg
sp-85,85,رداتير,cruisym 300,1901014,19010-L3A-000,19010-L3A-000,7268.884049984049,19010-L3A-000.jpg
sp-86,86,SHROUDCOMP.,cruisym 300,1902014,19020-HMA-000,19020-HMA-000,5356.707958648656,19020-HMA-000.jpg
sp-87,87,FILLERNECK,cruisym 300,1903914,19039-LVA-000,19039-LVA-000,149.6534951467304,19039-LVA-000.jpg
sp-88,88,قربة مياه,cruisym 300,1910A14,1910A-L3A-000,1910A-L3A-000,983.4372538213712,1910A-L3A-000.jpg
sp-89,89,غطاء حشو المبرد,cruisym 300,1911114,19111-H9A-000,19111-H9A-000,662.751192792663,19111-H9A-000.jpg
sp-90,90,RADIATORHOSEA,cruisym 300,1912514,19125-LM1-000,19125-LM1-000,329.2376893228069,19125-LM1-000.jpg
sp-92,92,MECHANICAL SEAL,cruisym 300,1921714,19217-H9A-300,19217-H9A-300,491.7186269106856,19217-H9A-300.jpg
sp-95,95,WATERPUMPSHAFT,cruisym 300,1923114,19231-HMA-000,19231-HMA-000,534.4767683811798,19231-HMA-000.jpg
sp-101,101,خرطوم هواء,cruisym 300,1950A14,1950A-LEA-000,1950A-LEA-000,384.8232732344495,1950A-LEA-000.jpg
sp-102,102,بوجية,cruisym 300,9805614,1PCR8E-3,1PCR8E-3,384.8232732344495,1PCR8E-3.jpg
sp-103,103,نص كرتيرا وسط,cruisym 300,2120014,21200-L3A-000,21200-L3A-000,3185.4815395518317,21200-L3A-000.jpg
sp-105,105,مجموعة سحب امامى,cruisym 300,2200014,22000-RB1-000,22000-RB1-000,4211.676934843697,22000-RB1-000.jpg
sp-106,106,غطاء مجموعة سحب خلفي كلاتش,cruisym 300,2210114,22101-HMA-000,22101-HMA-000,2287.5605686714507,22101-HMA-000.jpg
sp-107,107,غطاء مروحة سحب امامي,cruisym 300,2210214,22102-HMA-000,22102-HMA-000,1154.4698197033485,22102-HMA-000.jpg
sp-108,108,طنبورة تيل سحب,cruisym 300,2301014,23010-L3D-000,23010-L3D-000,12399.861026443374,23010-L3D-000.jpg
sp-109,109,سير,cruisym 300,2310014,23100-L3A-0002,23100-L3A-0002,9082.634880000001,23100-L3A-0002.jpg
sp-115,115,ترس فلام,cruisym 300,2811014,28110-HMA-000,28110-HMA-000,1795.8419417607638,28110-HMA-000.jpg
sp-116,116,بلية مارش,cruisym 300,2812A14,2812A-HMA-000,2812A-HMA-000,8808.177142921842,2812A-HMA-000.jpg
sp-117,117,موبينة بوجية,cruisym 300,3051014,3051A-L3A-000,3051A-L3A-000,2394.4559223476863,3051A-L3A-000.jpg
sp-118,118,مغناطيس,cruisym 300,3111014,31110-L3A-000,31110-L3A-000,4278.447425537694,31110-L3A-000.jpg
sp-119,119,ملف كهرباء,cruisym 300,3112014,31120-L3A-000,31120-L3A-000,4831.962736036299,31120-L3A-000.jpg
sp-120,120,ملف كهرباء,cruisym 300,3112014i,31120-LM7-000,31120-LM7-000,6250.0,31120-LM7-000.jpg
sp-121,121,مارش,cruisym 300,3120014,31200-L3D-000,31200-L3D-000,6264.067725427429,31200-L3D-000.jpg
sp-122,122,بطاريه (ضمان شهر او 300 كيلو ايهما اقرب ),cruisym 300,3150014,31500-BAB-000-P,31500-BAB-000-P,6413.721220574161,31500-BAB-000-P.jpg
sp-123,123,بلاطة شحن,cruisym 300,3160014,31600-L3A-000,31600-L3A-000,6157.172371751192,31600-L3A-000.jpg
sp-124,124,ضفيرة,cruisym 300,3210014,32100-LM6-010,32100-LM6-010,23816.284799065375,32100-LM6-010.jpg
sp-126,126,كابل ارضي B,cruisym 300,3241514,32415-LEA-000,32415-LEA-000,320.68606102870785,32415-LEA-000.jpg
sp-127,127,فانوس امامي ليد,cruisym 300,3310014,33100-FZJ -0000,33100-FZJ -0000,32282.396810223272,33100-FZJ -0000.jpg
sp-128,128,فانوس امامي,cruisym 300,3310A14,3310A-LK1-000,3310A-LK1-000,25825.917448178618,3310A-LK1-000.jpg
sp-129,129,R.POSITIONLIGHTLEDPCBASSY,cruisym 300,3314414,33144-LM1-000,33144-LM1-000,2394.4559223476863,33144-LM1-000.jpg
sp-130,130,L.POSITIONLIGHTLEDPCBASSY,cruisym 300,3324414,33244-LM1-000,33244-LM1-000,2394.4559223476863,33244-LM1-000.jpg
sp-131,131,RR.WINKERLEDPCBCOMP,cruisym 300,3360414,33604-LM1-000,33604-LM1-000,1966.8745076427424,33604-LM1-000.jpg
sp-132,132,RL.WINKERLEDPCBCOMP,cruisym 300,3365414,33654-LM1-000,33654-LM1-000,1966.8745076427424,33654-LM1-000.jpg
sp-133,133,فانوس خلفى,cruisym 300,3370014,33700-LM1-000,33700-LM1-000,11266.77027747527,33700-LM1-000.jpg
sp-134,134,TAILLIGHTSOCKETCOMP,cruisym 300,3370614,33706-LM1-000,33706-LM1-000,983.4372538213712,33706-LM1-000.jpg
sp-135,135,TAILLIGHTLEDPCBCOMP,cruisym 300,3370714,33707-LM1-000,33707-LM1-000,3463.409459110046,33707-LM1-000.jpg
sp-136,136,عاكس خلفي,cruisym 300,3374114,33741-M9A-100,33741-M9A-100,213.790707352472,33741-M9A-100.jpg
sp-137,137,عاكس امامي,cruisym 300,3374214,33742-F3H-000,33742-F3H-000,149.6534951467304,33742-F3H-000.jpg
sp-138,138,طقم لوك,cruisym 300,3501014,35010-LM1-000-TW,35010-LM1-000-TW,2993.069902934608,35010-LM1-000-TW.jpg
sp-139,139,كتله كهرباء يمين,cruisym 300,3515014,35150-L4A-000,35150-L4A-000,1788.8296065596032,35150-L4A-000.jpg
sp-140,140,كتله كهرباء شمال,cruisym 300,3520014,35200-HNL-000,35200-HNL-000,2116.5280027894723,35200-HNL-000.jpg
sp-141,141,لقط مارش,cruisym 300,3585A14,3585A-L3A-000,3585A-L3A-000,2052.390790583731,3585A-L3A-000.jpg
sp-143,143,IDLESPEEDCONTROL,cruisym 300,370014,3700-A35B-0100,3700-A35B-0100,6135.793301015945,3700-A35B-0100.jpg
sp-144,144,عداد,cruisym 300,3720014,37200-LM6-010,37200-LM6-010,14003.291331586915,37200-LM6-010.jpg
sp-145,145,عوامة بنزين,cruisym 300,3780014,37800-L3A-010,37800-L3A-010,940.6791123508765,37800-L3A-010.jpg
sp-147,147,كلاكس,cruisym 300,3811014,38110-L3A-000,38110-L3A-000,726.8884049984047,38110-L3A-000.jpg
sp-149,149,DC.POWEROUTLETASSY,cruisym 300,3860014,38600-L4A-000,38600-L4A-000,641.3721220574157,38600-L4A-000.jpg
sp-150,150,ECU SUSPENSION,cruisym 300,3870014,38700-L4A-900,38700-L4A-900,256.54884882296636,38700-L4A-900.jpg
sp-151,151,ECU COVER,cruisym 300,3870114,38701-L3A-000,38701-L3A-000,171.03256588197755,38701-L3A-000.jpg
sp-152,152,ECUASSY.,cruisym 300,3871014,38710-LHF-000,38710-LHF-000,7974.393384247204,38710-LHF-000.jpg
sp-153,153,وحدة فرامل  ABS,cruisym 300,3873014,38730-L3G-000,38730-L3G-000,28412.785007143517,38730-L3G-000.jpg
sp-154,154,ريلية كهرباء,cruisym 300,3880014,38800-H5B-000,38800-H5B-000,641.3721220574157,38800-H5B-000.jpg
sp-156,156,جنط خلفي ABS,cruisym 300,4260114,42601-L9F-000-KB,42601-L9F-000-KB,10881.947004240821,42601-L9F-000-KB.jpg
sp-157,157,كاوتش خلفى,cruisym 300,4271014,42710-LM1-001,140/60-1363P,6370.963079103663,42710-LM1-001.jpg
sp-158,158,بلف جنط,cruisym 300,4275314,42753-KBN-902,42753-KBN-902,213.790707352472,42753-KBN-902.jpg
sp-160,160,تيل فرامل خلفى (2 قطعة ),cruisym 300,4310814,43108-L1A-000-A,43108-L1A-000-A,1411.018668526315,43108-L1A-000-A.jpg
sp-163,163,خرطوم باكم A,cruisym 300,4331114,43311-LM2-000,43311-LM2-000,1838.6000832312586,43311-LM2-000.jpg
sp-164,164,خرطوم باكم B,cruisym 300,4331214,43312-L3E-000-A1,43312-L3E-000-A1,2843.4164077878772,43312-L3E-000-A1.jpg
sp-166,166,جنط امامي,cruisym 300,4460114,44601-L9F-000-KB,44601-L9F-000-KB,10411.607448065384,44601-L9F-000-KB.jpg
sp-168,168,كاوتش امامى,cruisym 300,4471014,44710-LM1-001,44710-LM1-001,6884.060776749598,44710-LM1-001.jpg
sp-173,173,باكم فرامل امامى,cruisym 300,4510014,45100-L3A-000-SH,45100-L3A-000-SH,6057.603780711784,45100-L3A-000-SH.jpg
sp-174,174,تيل فرامل امامى ( 4 قطع ),cruisym 300,4510514,45105-L3A-000-A,45105-L3A-000-A,1453.7768099968093,45105-L3A-000-A.jpg
sp-177,177,خرطوم باكم امامى,cruisym 300,4512614,45126-LM2-000,45126-LM2-000,1902.7372954370003,45126-LM2-000.jpg
sp-178,178,FR.BRAKEHOSEB,cruisym 300,4512714,45127-LM1-000,45127-LM1-000,3014.4489736698547,45127-LM1-000.jpg
sp-182,182,شاسية,cruisym 300,5010N14,5010N-LM6-000,5010N-LM6-000,43741.57872431576,5010N-LM6-000.jpg
sp-186,186,HEADLIGHTBRKT,cruisym 300,5031014,50310-LM1-000,50310-LM1-000,342.0651317639551,50310-LM1-000.jpg
sp-187,187,حامل معدني وش امامي,cruisym 300,5031514,50315-LM6-000,50315-LM6-000,5237.872330135564,50315-LM6-000.jpg
sp-188,188,RWINDSCREENSTAY,cruisym 300,5031714,50317-LM1-010,50317-LM1-010,513.0976976459327,50317-LM1-010.jpg
sp-189,189,LWINDSCREENSTAY,cruisym 300,5031814,50318-LM1-010,50318-LM1-010,513.0976976459327,50318-LM1-010.jpg
sp-190,190,قاعدة بطارية صغيرة,cruisym 300,5032414,50324-L3A-000,50324-L3A-000,409.76552242557136,50324-L3A-000.jpg
sp-192,192,حمالة النص,cruisym 300,5050A14,5050A-LM1-000,5050A-LM1-000,2993.069902934608,5050A-LM1-000.jpg
sp-196,196,دواسه راكب خلفى يمين,cruisym 300,5071A14,5071A-F6B-000-IE,5071A-F6B-000-IE,1026.1953952918655,5071A-F6B-000-IE.jpg
sp-197,197,دواسة راكب خلفي شمال,cruisym 300,5071B14,5071B-F6B-000-IE,5071B-F6B-000-IE,1026.1953952918655,5071B-F6B-000-IE.jpg
sp-198,198,مساعد امامي يمين,cruisym 300,5140014,51400-L3A-000,51400-L3A-000,11931.643810492906,51400-L3A-000.jpg
sp-200,200,مساعد امامي شمال,cruisym 300,5150014,51500-L3A-000,51500-L3A-000,11931.643810492906,51500-L3A-000.jpg
sp-202,202,مساعد خلفي,cruisym 300,5240014,52400-LM1-000-KB,52400-LM1-000-KB,3848.2327323444947,52400-LM1-000-KB.jpg
sp-203,203,جادون,cruisym 300,5310014,53100-LM1-000,53100-LM1-000,2188.6447226347937,53100-LM1-000.jpg
sp-205,205,مقبض بنزين,cruisym 300,5314014,53140-L4A-000,53140-L4A-000,299.3069902934608,53140-L4A-000.jpg
sp-206,206,مقبض جادون,cruisym 300,5316614,53166-L4A-000,53166-L4A-000,277.9279195582135,53166-L4A-000.jpg
sp-210,210,وش فانوس امامي,cruisym 300,5320514,53205-LM1-004,53205-LM1-004,766.0833680130245,53205-LM1-004.jpg
sp-211,211,جراب مقبض يمين,cruisym 300,5320614,53206-LM1-004,53206-LM1-004,342.0651317639551,53206-LM1-004.jpg
sp-212,212,METERPANELBK-001U,cruisym 300,5320814,53208-LM1-000,53208-LM1-000,409.76552242557136,53208-LM1-000.jpg
sp-213,213,HANDLECOVERMASKASSY.(S-011U),cruisym 300,5320C14,5320C-LM1-000-OK,5320C-LM1-000-OK,766.0833680130245,5320C-LM1-000-OK.jpg
sp-214,214,METERTRIM（S-011U）,cruisym 300,5321014,53210-LM1-000-OK,53210-LM1-000-OK,619.9930513221684,53210-LM1-000-OK.jpg
sp-222,222,فبرة هوايه وش امامى,cruisym 300,6430014,64300-LM1-000,64300-LM1-000,570.1085529399251,64300-LM1-000.jpg
sp-223,223,فبرة أسفل وش امامي,cruisym 300,6430114KA,64301-LM1-000-KA,64301-LM1-000-KA,1193.6647827179681,64301-LM1-000-KA.jpg
sp-224,224,فبرة جانبية وش امامي يمين,cruisym 300,6430314JH,64303-LM1-000-JH,64303-LM1-000-JH,944.2422908067509,64303-LM1-000-JH.jpg
sp-225,225,فبرة جانبية وش امامي يمين,cruisym 300,6430314QU,64303-LM1-000-QU,64303-LM1-000-QU,944.2422908067509,64303-LM1-000-QU.jpg
sp-226,226,فبرة جانبية وش امامي يمين,cruisym 300,6430314RT,64303-LM1-000-RT,64303-LM1-000-RT,944.2422908067509,64303-LM1-000-RT.jpg
sp-227,227,فبرة جانبية وش اما مي شمال,cruisym 300,6430414JH,64304-LM1-000-JH,64304-LM1-000-JH,944.2422908067509,64304-LM1-000-JH.jpg
sp-228,228,فبرة جانبية وش اما مي شمال,cruisym 300,6430414QU,64304-LM1-000-QU,64304-LM1-000-QU,944.2422908067509,64304-LM1-000-QU.jpg
sp-229,229,فبرة جانبية وش اما مي شمال,cruisym 300,6430414RT,64304-LM1-000-RT,64304-LM1-000-RT,944.2422908067509,64304-LM1-000-RT.jpg
sp-231,231,جنب بطنية يمين,cruisym 300,6430514JH,64305-LM1-000-JH,64305-LM1-000-JH,1407.4554900704402,64305-LM1-000-JH.jpg
sp-232,232,جنب بطنية يمين,cruisym 300,6430514QU,64305-LM1-000-QU,64305-LM1-000-QU,1407.4554900704402,64305-LM1-000-QU.jpg
sp-233,233,جنب بطنية يمين,cruisym 300,6430514RT,64305-LM1-000-RT,64305-LM1-000-RT,1407.4554900704402,64305-LM1-000-RT.jpg
sp-234,234,جنب بطنية  شمال,cruisym 300,6430614JH,64306-LM1-000-JH,64306-LM1-000-JH,1407.4554900704402,64306-LM1-000-JH.jpg
sp-235,235,جنب بطنية  شمال,cruisym 300,6430614QU,64306-LM1-000-QU,64306-LM1-000-QU,1407.4554900704402,64306-LM1-000-QU.jpg
sp-236,236,جنب بطنية  شمال,cruisym 300,6430614RT,64306-LM1-000-RT,64306-LM1-000-RT,1407.4554900704402,64306-LM1-000-RT.jpg
sp-237,237,R.HEAD LIGHT COVER BK-001U,cruisym 300,6430714,64307-LM7-000-KA,64307-LM7-000-KA,3125.0,64307-LM7-000-KA.jpg
sp-238,238,L.HEAD LIGHT COVER BK-001U,cruisym 300,6430814,64308-LM7-000-KA,64308-LM7-000-KA,3125.0,64308-LM7-000-KA.jpg
sp-239,239,FR.COVERLID(BK-001U),cruisym 300,6430914,64309-LM1-000,64309-LM1-000,160.34303051435393,64309-LM1-000.jpg
sp-240,240,فبرة أسفل وش امامي,cruisym 300,6430A14KA,6430A-LM1-000-KA,6430A-LM1-000-KA,1492.08097839746,6430A-LM1-000-KA.jpg
sp-241,241,FR.TOPCOVERASSY.BK-001C,cruisym 300,6430C14,6430C-LM1-000-KB,6430C-LM1-000-KB,1567.7985205847945,6430C-LM1-000-KB.jpg
sp-242,242,دواسة رجل,cruisym 300,6431014,64310-LM1-000,64310-LM1-000,1264.9283518354587,64310-LM1-000.jpg
sp-243,243,غطاء وقود,cruisym 300,6431114,64311-LM1-000,64311-LM1-000,171.03256588197755,64311-LM1-000.jpg
sp-244,244,FLOORLIDSTIFFENER(BK-001U),cruisym 300,6431214,64312-LM1-000,64312-LM1-000,299.3069902934608,64312-LM1-000.jpg
sp-245,245,جنب خلفى صغير يمين,cruisym 300,6431314,64313-LM1-000-KB,64313-LM1-000-KB,766.0833680130245,64313-LM1-000-KB.jpg
sp-246,246,جنب خلفى صغير شمال,cruisym 300,6431414,64314-LM1-000-KB,64314-LM1-000-KB,766.0833680130245,64314-LM1-000-KB.jpg
sp-248,248,غطاء اسفل الدواسة يمين,cruisym 300,6431514ok,64315-LM1-000-OK,64315-LM1-000-OK,1567.7985205847945,64315-LM1-000-OK.jpg
sp-250,250,غطاء اسفل الدواسة شمال,cruisym 300,6431614ok,64316-LM1-000-OK,64316-LM1-000-OK,1567.7985205847945,64316-LM1-000-OK.jpg
sp-252,252,FUELLIDLOCKASSY,cruisym 300,6432014,64320-LM1-000-H1,64320-LM1-000-H1,483.1669986165867,64320-LM1-000-H1.jpg
sp-253,253,RFLOORMATA(BK-001U),cruisym 300,6432114,64321-LM1-000,64321-LM1-000,235.16977808771912,64321-LM1-000.jpg
sp-254,254,LFLOORMATA(BK-001U),cruisym 300,6432214,64322-LM1-000,64322-LM1-000,235.16977808771912,64322-LM1-000.jpg
sp-255,255,RFLOORMATB(BK-001U),cruisym 300,6432314,64323-LM1-000,64323-LM1-000,277.9279195582135,64323-LM1-000.jpg
sp-256,256,LFLOORMATB(BK-001U),cruisym 300,6432414,64324-LM1-000,64324-LM1-000,277.9279195582135,64324-LM1-000.jpg
sp-257,257,WINDSCREEN,cruisym 300,6710014,67100-LM1-010,67100-LM1-010,4874.428127636361,67100-LM1-010.jpg
sp-261,261,شلتة,cruisym 300,7720014,77200-LM6-000-T1,77200-LM6-000-T1,7811.912446659326,77200-LM6-000-T1.jpg
sp-262,262,واير شلتة,cruisym 300,7724014,77240-LM1-000,77240-LM1-000,491.7186269106856,77240-LM1-000.jpg
sp-263,263,رفرف خلفى,cruisym 300,8010014,80100-LM1-000,80100-LM1-000,445.3973069843165,80100-LM1-000.jpg
sp-264,264,R.SPLASHBOARDPLATE,cruisym 300,8010414,80104-LM1-000,80104-LM1-000,171.03256588197755,80104-LM1-000.jpg
sp-265,265,RR.INNERFENDER(BK-001U),cruisym 300,8010514,80105-LM1-000,80105-LM1-000,160.34303051435393,80105-LM1-000.jpg
sp-266,266,فبرة دخلى خلفى,cruisym 300,8010614,80106-L3A-000-KA,80106-L3A-000-KA,213.79070735247197,80106-L3A-000-KA.jpg
sp-267,267,صدر,cruisym 300,8113114,81131-LM1-000,81131-LM1-000,1336.19192095295,81131-LM1-000.jpg
sp-268,268,INNERBOXUSBDOCK(BK-001U),cruisym 300,8113214,81132-LM1-000,81132-LM1-000,129.699695793833,81132-LM1-000.jpg
sp-269,269,MAINSW.COVER(BK-001U),cruisym 300,8113314,81133-LM1-000,81133-LM1-000,195.9748150730993,81133-LM1-000.jpg
sp-270,270,KEYSETSHUTTERPACKING,cruisym 300,8113414,81134-LM1-000,81134-LM1-000,111.17116782328544,81134-LM1-000.jpg
sp-271,271,INNERBOXLIDSTIFFENER(BK-001U),cruisym 300,8114214,81142-LM1-000,81142-LM1-000,160.34303051435393,81142-LM1-000.jpg
sp-272,272,FUSEBOXSTAY,cruisym 300,8114914,81149-L4A-000,81149-L4A-000,44.46846712931416,81149-L4A-000.jpg
sp-273,273,R.COINBOXLOCKSPRING,cruisym 300,8116314,81163-LM1-000,81163-LM1-000,22.23423356465708,81163-LM1-000.jpg
sp-274,274,L.COINBOXLOCKSPRING,cruisym 300,8116414,81164-LM1-000,81164-LM1-000,22.23423356465708,81164-LM1-000.jpg
sp-275,275,INNERCOVERLIDLOCK(BK-001U),cruisym 300,8116514,81165-LM1-000,81165-LM1-000,111.17116782328543,81165-LM1-000.jpg
sp-276,276,حامل بضائع خلفي يمين,cruisym 300,8121014,81210-LM1-000-OK,81210-LM1-000-OK,3869.611803079743,81210-LM1-000-OK.jpg
sp-277,277,حامل بضائع خلفي شمال,cruisym 300,8122014,81220-LM1-000-OK,81220-LM1-000-OK,3869.611803079743,81220-LM1-000-OK.jpg
sp-280,280,جنب خلفي يمين,cruisym 300,8350014JH,8350G-LM6-000-JH,8350G-LM6-000-JH,1639.0620897022854,8350G-LM6-000-JH.jpg
sp-281,281,جنب خلفي يمين,cruisym 300,8350014QU,8350G-LM6-000-QU,8350G-LM6-000-QU,1639.0620897022854,8350G-LM6-000-QU.jpg
sp-282,282,جنب خلفي يمين,cruisym 300,8350014RT,8350G-LM6-000-RT,8350G-LM6-000-RT,1639.0620897022854,8350G-LM6-000-RT.jpg
sp-283,283,جنب اسفل الدواسة يمين,cruisym 300,8352014,83520-LM1-000,83520-LM1-000,463.21319926368915,83520-LM1-000.jpg
sp-284,284,جنب خلفي شمال,cruisym 300,8360014JH,8360G-LM6-000-JH,8360G-LM6-000-JH,1639.0620897022854,8360G-LM6-000-JH.jpg
sp-285,285,جنب خلفي شمال,cruisym 300,8360014QU,8360G-LM6-000-QU,8360G-LM6-000-QU,1639.0620897022854,8360G-LM6-000-QU.jpg
sp-286,286,جنب خلفي شمال,cruisym 300,8360014RT,8360G-LM6-000-RT,8360G-LM6-000-RT,1639.0620897022854,8360G-LM6-000-RT.jpg
sp-287,287,جنب اسفل الدواسة شمال,cruisym 300,8362014,83620-LM1-000,83620-LM1-000,463.21319926368915,83620-LM1-000.jpg
sp-288,288,RR.CENTERCOVERS-011U,cruisym 300,8375014,83750-LM1-000-OK,83750-LM1-000-OK,2102.275288965974,83750-LM1-000-OK.jpg
sp-289,289,R.WINDSCREENSTRIPE,cruisym 300,8712114,87121-LM1-000,87121-LM1-000,35.57477370345135,87121-LM1-000.jpg
sp-290,290,L.WINDSCREENSTRIPE,cruisym 300,8712214,87122-LM1-000,87122-LM1-000,35.57477370345135,87122-LM1-000.jpg
sp-291,291,علامة جنب 300 يمين,cruisym 300,8713114,87131-LM1-000-T2,87131-LM1-000-T2,66.70270069397125,87131-LM1-000-T2.jpg
sp-292,292,FUSEBOXOPENNOTICESTICKER,cruisym 300,8750314,87503-LM1-000,87503-LM1-000,22.23423356465708,87503-LM1-000.jpg
sp-294,294,مراية يمين,cruisym 300,8811014,88110-LM1-000,88110-LM1-000,8637.144577039866,88110-LM1-000.jpg
sp-295,295,مراية شمال,cruisym 300,8812014,88120-LM1-000,88120-LM1-000,8637.144577039866,88120-LM1-000.jpg
sp-296,296,مسمار مجموعة شواكيش داخلية,cruisym 300,9001214,90012-HLK-000,90012-HLK-000,88.93693425862833,90012-HLK-000.jpg
sp-297,297,ملحقات قلة زيت 14MM,cruisym 300,9008114,9008A-H9A-000,9008A-H9A-000,88.93693425862833,9008A-H9A-000.jpg
sp-309,309,بلية كرنك. TMB306,cruisym 300,9100114A,91001-HMA-000,91001-HMA-000,1560.6721636730454,91001-HMA-000.jpg
sp-327,327,بلية ملف كهرباء. 6201LUC3,cruisym 300,9614014,96140-62013-10,96140-62013-10,235.16977808771912,96140-62013-10.jpg
sp-330,330,مغناطيس,cruisym 300,3111014L,31110-LM7-0000,31110-LM7-0000,6811.162380000001,31110-LM7-0000.jpg
sp-331,331,كرانك,cruisym 300,1300014L,13000-LM7-000,13000-LM7-000,13548.167187500003,13000-LM7-000.jpg
sp-372,372,INLET VALVE,cruisym 400,1471123,14711-L4A-000,14711-L4A-000,475.68125000000003,14711-L4A-000.jpg
sp-373,373,EXH. VALVE,cruisym 400,1472123,14721-L4A-000,14721-L4A-000,723.346,14721-L4A-000.jpg
sp-442,442,WEIGHT ROLLAER COMP.,cruisym 400,2212123,22121-L5B-000-A1,22121-L5B-000-A1,2419.352,22121-L5B-000-A1.jpg
sp-446,446,COUNTER SHAFT,cruisym 400,2342123,23421-L4A-0003,23421-L4A-0003,370.058,23421-L4A-0003.jpg
sp-447,447,COUNTER GEAR,cruisym 400,2342223,23422-L4A-0101,23422-L4A-0101,375.64799999999997,23422-L4A-0101.jpg
sp-448,448,FINAL SHAFT,cruisym 400,2343123,23431-L4A-0005,23431-L4A-0005,715.5200000000001,23431-L4A-0005.jpg
sp-449,449,FINAL GEAR,cruisym 400,2343223,23432-L4A-0003,23432-L4A-0003,793.78,23432-L4A-0003.jpg
sp-691,691,فلانشة جنط خلفي,F3 DD,426022,4260A-AES-0000,4260A-AES-0000,1162.5,4260A-AES-0000.jpg
sp-692,692,طقم باكم خلفي كامل,F3 DD,4350A2,4350A-XJE-0001,4350A-XJE-0001,3826.5981924776065,4350A-XJE-0001.jpg
sp-695,695,نص كراتيرا يمين كاملة,fiddle 2,1110A6,1110A-A2E-0000,1110A-A2E-0000,1432.3977392615618,1110A-A2E-0000.jpg
sp-702,702,جوان وش الماتور,fiddle 2,113956,11395-ABA-0000,11395-ABA-0000,163.625,11395-ABA-0000.jpg
sp-703,703,موتور كامل,fiddle 2,11A206,11A20-ALA-000,11A20-ALA-000,26175.634379999996,11A20-ALA-000.jpg
sp-705,705,سلندر كامل,fiddle 2,1210A6LC,1210A-A2C-000M,1210A-A2C-000M,1337.5,1210A-A2C-000M.jpg
sp-708,708,راس سلندر,fiddle 2,122006,12200-az2,12200-az2,1425.2109375,12200-az2.jpg
sp-709,709,راس سلندر كاملة,fiddle 2,122066,1220A-A2C-0008,1220A-A2C-0008,2681.9830603448277,1220A-A2C-0008.jpg
sp-717,717,كامه,fiddle 2,141006,14100-GYB2-A000,14100-GYB2-A000,521.2625,14100-GYB2-A000.jpg
sp-733,733,غطاء بك اصلاح كربرتير,fiddle 2,161116,16111-ALA-0001,16111-ALA-0001,44.46846712931416,16111-ALA-0001.jpg
sp-734,734,جوان عازل  كوعه كرابرتير,fiddle 2,162016,16201-M92-0002,16201-M92-0002,8.325452777777777,16201-M92-0002.jpg
sp-742,742,شكمان بدون حلية,fiddle 2,180006a,18000-A2E-0200,18000-A2E-0200,3008.90625,18000-A2E-0200.jpg
sp-747,747,ماصورة تربوة,fiddle 2,186476,18647-GYB3-A001,18647-GYB3-A001,171.79610412252205,18647-GYB3-A001.jpg
sp-751,751,خرطوم جهاز عادم كبير,fiddle 2,188606,18860-H6H-9103,18860-H6H-9103,143.75,18860-H6H-9103.jpg
sp-800,800,باغة عداد,fiddle 2,372046,37204-ALA-0000,37204-ALA-0000,128.775092060665,37204-ALA-0000.jpg
sp-803,803,جنط خلفى كامل,fiddle 2,426006,4260A-Z5A-0000,4260T-X1F-0000,5277.804540750001,4260A-Z5A-0000.jpg
sp-817,817,شاسية,fiddle 2,501006,50100-A2E-0005,50100-A2E-0005,7500.0,50100-A2E-0005.jpg
sp-833,833,جادون,fiddle 2,531006,53100-ALA-0004,53100-ALA-0004,768.75,53100-ALA-0004.jpg
sp-934,934,علامة وش امامي,fiddle 2,871236,87123-H85-0000,87123-H85-0000,62.255853981039834,87123-H85-0000.jpg
sp-952,952,اويسيل  كوعة كربراتير  15.2*1.5,fiddle 2,913016,91301-GRO-0000,91301-GRO-0000,4.446846712931419,91301-GRO-0000.jpg
sp-977,977,موتور كامل,fiddle 3,11A202,11A20-XFA-000,11A20-XFA-000,31391.793404999997,11A20-XFA-000.jpg
sp-979,979,سلندر كامل,fiddle 3,1210A2,1210A-XHB-0000,1210A-XHB-0000,1987.0402537880088,1210A-XHB-0000.jpg
sp-983,983,راس سلندر كاملة,fiddle 3,1220A2,1220A-XHB-0000,1220A-XHB-0000,6239.956249999999,1220A-XHB-0000.jpg
sp-985,985,غطاء راس سلندر ( تاكيهات ),fiddle 3,123022,1230A-XHB-0003,1230A-A61-0003,1585.857936182857,1230A-XHB-0003.jpg
sp-989,989,شمبر - سلندر,fiddle 3,130102,13010-VVA-0000,13010-VVA-0000,367.1275018613203,13010-VVA-0000.jpg
sp-1007,1007,مقياس زيت,fiddle 3,156502,1565A-F6A-0000,1565A-F6A-0000,26.681080277588496,1565A-F6A-0000.jpg
sp-1010,1010,غطاء بك اصلاح كربرتير,fiddle 3,161112,16111-XFA-0001,16111-XFA-0001,44.46846712931416,16111-XFA-0001.jpg
sp-1038,1038,ترس فتيس,fiddle 3,234302,2313A-ANL-0000,2313A-ANL-0000,260.82466297001577,2313A-ANL-0000.jpg
sp-1044,1044,ترس فلام,fiddle 3,281102,28110-M9Q-0002,28110-M9Q-0002,196.34999999999997,28110-M9Q-0002.jpg
sp-1045,1045,بلية مارش,fiddle 3,281222,2812A-H6T-0002,2812A-H6T-0002,1151.6362776025237,2812A-H6T-0002.jpg
sp-1067,1067,اشارة امامي شمال,fiddle 3,334502A,33450-XFA-0000,33450-XFA-0000,630.6825866897923,33450-XFA-0000.jpg
sp-1068,1068,ليد شمال,fiddle 3,334552,33455-XFA-0000,33455-XFA-0000,222.34233564657077,33455-XFA-0000.jpg
sp-1075,1075,مفتاح مارش,fiddle 3,351602,35160-M9Q-0002,35160-M9Q-0002,71.5,35160-M9Q-0002.jpg
sp-1084,1084,باغة عداد,fiddle 3,372042,37204-XGA-0000,37204-XGA-0000,152.7076481089085,37204-XGA-0000.jpg
sp-1086,1086,جوان تحكم عوامه,fiddle 3,378012,37801-N14-0000,37801-N14-0000,31.127926990519917,37801-N14-0000.jpg
sp-1107,1107,شاسية,fiddle 3,501002,50100-XGA-0004,50100-XGA-0004,10000.0,50100-XGA-0004.jpg
sp-1131,1131,جادون,fiddle 3,531022,53100-XJA-0002,53100-XJA-0002,717.6125,53100-XJA-0002.jpg
sp-1206,1206,مفصلة كرسي,fiddle 3,771102,77110-XFA-0002,77110-XFA-0002,132.55023855853264,77110-XFA-0002.jpg
sp-1211,1211,رفرف داخلى خلفى ( كساحه ),fiddle 3,801052,80105-XHI-0000,80105-XHI-0000,143.5546875,80105-XHI-0000.jpg
sp-1255,1255,جنب خلفي سفلي يمين,fiddle 3,835002BA,8350A-XHA-0000-BA,8350A-XHA-0000-BA,1631.9296875,8350A-XHA-0000-BA.jpg
sp-1278,1278,جنب خلفي سفلي شمال,fiddle 3,836002aj,8360A-XHA-0000-AJ,8360A-XHA-0000-AJ,1631.9296875,8360A-XHA-0000-AJ.jpg
sp-1280,1280,جنب خلفي سفلي شمال,fiddle 3,836002BA,8360A-XHA-0000-BA,8360A-XHA-0000-BA,1631.9296875,8360A-XHA-0000-BA.jpg
sp-1281,1281,جنب خلفي سفلي شمال,fiddle 3,836002kg,8360A-XHA-0000-kg,8360A-XHA-0000-kg,1631.9296875,8360A-XHA-0000-kg.jpg
sp-1282,1282,جنب خلفي سفلي شمال,fiddle 3,836002rd,8360A-XHA-0000-rd,8360A-XHA-0000-rd,1631.9296875,8360A-XHA-0000-rd.jpg
sp-1284,1284,جنب خلفي سفلي شمال,fiddle 3,836002sb,8360A-XHA-0000-sb,8360A-XHA-0000-sb,1631.9296875,8360A-XHA-0000-sb.jpg
sp-1285,1285,جنب خلفي سفلي شمال,fiddle 3,836002sd,8360A-XHA-0000-sd,8360A-XHA-0000-sd,1631.9296875,8360A-XHA-0000-sd.jpg
sp-1286,1286,جنب خلفي سفلي شمال,fiddle 3,836002wa,8360A-XHA-0000-wa,8360A-XHA-0000-wa,1631.9296875,8360A-XHA-0000-wa.jpg
sp-1307,1307,علامة فيدل,fiddle 3,875532,87553-VS1-1000,87553-VS1-1000,136.8260527055821,87553-VS1-1000.jpg
sp-1322,1322,بنز جوان وش زيت صفيح  5X12,fiddle 3,935002,93500-05012-0H,93500-05012-0H,13.340540138794248,93500-05012-0H.jpg
sp-1325,1325,مسمار14مم وش زيت,fiddle 3,945112,94511-14000,94511-14000,62.255853981039834,94511-14000.jpg
sp-1341,1341,AIR cleaner ASSY.,fiddle 4,1720017,17200-XB3-0008,17200-XB3-0008,937.3374999999999,17200-XB3-0008.jpg
sp-1388,1388,RR brake ASSY(CALIPER SILVER),fiddle 4,4350A17,4350A-XE1-0003-K,4350A-XE1-0003-K,3181.25,4350A-XE1-0003-K.jpg
sp-1397,1397,Frame body comp,fiddle 4,5010Z17,5010Z-XVA-0201,5010Z-XVA-0201,10000.0,5010Z-XVA-0201.jpg
sp-1483,1483,RR CARRIER,fiddle 4,8120017,81200-XVB-0000,81200-XVB-0000,1545.0874999999999,81200-XVB-0000.jpg
sp-1534,1534,O-ring 1.78*9.5,fiddle 4,9130617,91306-GY6-A000,91306-GY6-A000,1.3,91306-GY6-A000.jpg
sp-1579,1579,موتور كامل,get4,11A203,11A20-ATA-000,11A20-ATA-000,30158.883089999996,11A20-ATA-000.jpg
sp-1580,1580,سلندر,get4,121003,12101-H7C-0000,12101-H7C-0000,1412.02885331277,12101-H7C-0000.jpg
sp-1581,1581,سلندر كامل,get4,1210a3,1210A-AJB-0000,1210A-AJB-0000,2062.5,1210A-AJB-0000.jpg
sp-1582,1582,سلندر بالبستم,get4,121013,1210B-A6A-0000,1210B-A6A-0000,1835.6375093066008,1210B-A6A-0000.jpg
sp-1587,1587,غطاء راس سلندر ( تاكيهات ),get4,123133,1231A-AJB-0000,1231A-AJB-0000,1453.9249999999997,1231A-AJB-0000.jpg
sp-1591,1591,شمبر - سلندر,get4,130103,13010-VVA-0000,13010-VVA-0000,367.1275018613203,13010-VVA-0000.jpg
sp-1592,1592,بستم - سلندر,get4,131013,13101-A6A-0003,13101-A6A-0003,300.36875,13101-A6A-0003.jpg
sp-1606,1606,مقياس زيت,get4,156533,1565A-F6A-0000,1565A-F6A-0000,26.681080277588496,1565A-F6A-0000.jpg
sp-1609,1609,جوان عازل  كوعه كرابرتير,get4,162013,16201-M92-0002,16201-M92-0002,8.325452777777777,16201-M92-0002.jpg
sp-1641,1641,ترس مناول A,get4,234203,23420-HHA-0100-M1,23420-HHA-0100-M1,587.5,23420-HHA-0100-M1.jpg
sp-1643,1643,ترس فلام,get4,281103,28110-M9Q-0002,28110-M9Q-0002,196.34999999999997,28110-M9Q-0002.jpg
sp-1667,1667,مفتاح مارش,get4,351603,35160-M9Q-0002,35160-M9Q-0002,71.5,35160-M9Q-0002.jpg
sp-1681,1681,جنط خلفي DD,get4,426033,42601-AE1-0001,42601-AE1-0001,2373.8203125,42601-AE1-0001.jpg
sp-1684,1684,جنط خلفي كامل DD,get4,426003,4260A-AE1-0001,4260T-AJB-0000,5267.751579719999,4260A-AE1-0001.jpg
sp-1690,1690,خرطوم باكم خلفي,get4,431263,43126-AJF-8000,43126-AJF-8000,991.9888821154701,43126-AJF-8000.jpg
sp-1696,1696,جنط امامي كامل,get4,446003,44600-ATA-0001,44600-ATA-0001,3706.4963133230212,44600-ATA-0001.jpg
sp-1697,1697,جنط امامي,get4,446013,44601-ATA-0001,44601-ATA-0001,2137.907073524719,44601-ATA-0001.jpg
sp-1698,1698,كاوتش امامى,get4,447103,44710-ATA-9000,120/60/13,1524.991161577792,44710-ATA-9000.jpg
sp-1720,1720,حمالة الجنب,get4,505303,50530-ATA-0001,50530-ATA-0001,169.44346239753236,50530-ATA-0001.jpg
sp-1769,1769,مجموعه قفل كرسى,get4,772303,77230-Z4A-0000,77230-Z4A-0000,139.08125,77230-Z4A-0000.jpg
sp-1784,1784,حوض شلتة,get4,812533,8125A-ANA-0002,8125A-ANA-0002,461.7879278813394,8125A-ANA-0002.jpg
sp-1785,1785,جنب خلفي كبير يمين,get4,835003AN,8350A-AJB-0000-AN,8350A-AJB-0000-AN,1710.3256588197758,8350A-AJB-0000-AN.jpg
sp-1786,1786,جنب خلفي كبير يمين,get4,835003BV,8350A-AJB-0000-BV,8350A-AJB-0000-BV,1710.3256588197758,8350A-AJB-0000-BV.jpg
sp-1801,1801,جنب خلفي كبير شمال,get4,836003AN,8360A-AJB-0000-AN,8360A-AJB-0000-AN,1710.3256588197758,8360A-AJB-0000-AN.jpg
sp-1802,1802,جنب خلفي كبير شمال,get4,836003BV,8360A-AJB-0000-BV,8360A-AJB-0000-BV,1710.3256588197758,8360A-AJB-0000-BV.jpg
sp-1818,1818,علامة وش امامي,get4,871233,87123-H85-0000,87123-H85-0000,62.255853981039834,87123-H85-0000.jpg
sp-1820,1820,Tire lable,get4,875053,87505-ATA-0000,87505-ATA-0000,71.1495474069027,87505-ATA-0000.jpg
sp-1832,1832,بنز جوان وش زيت صفيح  5X12,get4,935003,93500-05012-0H,93500-05012-0H,13.340540138794248,93500-05012-0H.jpg
sp-1836,1836,اطقم بلي رقبة,get4,962113,96211-05000,96211-05000,13.340540138794248,96211-05000.jpg
sp-1837,1837,ضفيرة معدلة,get4,321003n,32100-AJB-000,32100-AJB-000,1125.0,32100-AJB-000.jpg
sp-1839,1839,رشاش بنزين,GTS 300,964149,06414-LEF-000-A,06414-LEF-000-A,4275.814147049438,06414-LEF-000-A.jpg
sp-1840,1840,ورد رشاش بنزين,GTS 300,664159,06415-HNS-000,06415-HNS-000,120.06486124914824,06415-HNS-000.jpg
sp-1841,1841,ايوسيل رشاش بنزين,GTS 300,664169,06416-HNS-000,06416-HNS-000,153.92930929377982,06416-HNS-000.jpg
sp-1843,1843,نص كراتيرا شمال,GTS 300,112009,11200-L3A-009,11200-L3A-009,11672.972621444967,11200-L3A-009.jpg
sp-1845,1845,وش ماتور,GTS 300,113499,1134A-L3A-000,1134A-L3A-000,3848.2327323444947,1134A-L3A-000.jpg
sp-1846,1846,غطاء وش الماتور خارجى,GTS 300,113599,1135A-L3A-000-GYK,1135A-L3A-000-GYK,3249.618751757573,1135A-L3A-000-GYK.jpg
sp-1847,1847,جوان غطاء نص كرتيرا يمين,GTS 300,113949,11394-HMA-000,11394-HMA-000,256.9892513029241,11394-HMA-000.jpg
sp-1849,1849,سلندر,GTS 300,121009,12100-L3A-000-A,12100-L3A-000-A,9770.235326007967,12100-L3A-000-A.jpg
sp-1851,1851,راس سلندر,GTS 300,122009,12200-L3A-010,12200-L3A-010,10326.091165124395,12200-L3A-010.jpg
sp-1853,1853,غطاء راس سلندر ( تاكيهات ),GTS 300,123019,12301-HMA-000,12301-HMA-000,1646.188446614034,12301-HMA-000.jpg
sp-1855,1855,جوان طبه,GTS 300,123629,12362-H9A-000,12362-H9A-000,136.8260527055821,12362-H9A-000.jpg
sp-1857,1857,كرانك,GTS 300,130009,13000-L3A-000,13000-L3A-000,11929.521470267937,13000-L3A-000.jpg
sp-1859,1859,بستم - سلندر,GTS 300,131019,13101-L3A-000,13101-L3A-000,1026.1953952918655,13101-L3A-000.jpg
sp-1861,1861,كامه,GTS 300,141009,14100-RFB-000,14100-RFB-000,2843.4164077878772,14100-RFB-000.jpg
sp-1864,1864,مجموعة شواكيش داخلية,GTS 300,144399,1443A-LEA-000,1443A-LEA-000,1555.1732783173525,1443A-LEA-000.jpg
sp-1865,1865,شواكيش خارجية,GTS 300,144499,1444A-LEA-000,1444A-LEA-000,1411.018668526315,1444A-LEA-000.jpg
sp-1869,1869,جوان سكس بلف,GTS 300,145239,14523-M9Q-000,14523-M9Q-000,29.370200148905614,14523-M9Q-000.jpg
sp-1871,1871,دليل كامة,GTS 300,146109,14610-RFA-000,14610-RFA-000,329.88524085519595,14610-RFA-000.jpg
sp-1875,1875,جوان طلمبة زيت,GTS 300,151269,15126-B8A-0000,15126-B8A-0000,48.915313842245574,15126-B8A-0000.jpg
sp-1877,1877,ضاغط زيت,GTS 300,154419,15441-149-000,15441-149-000,114.36021682980123,15441-149-000.jpg
sp-1878,1878,سوسته طبه زيت,GTS 300,154479,15447-149-0000,15447-149-0000,53.36216055517699,15447-149-0000.jpg
sp-1879,1879,مقياس زيت,GTS 300,156599,1565A-LEA-000,1565A-LEA-000,66.70270069397125,1565A-LEA-000.jpg
sp-1881,1881,عازل كوعة كرابرتير(جوان بلاستيك),GTS 300,162199,1621A-HMC-000,1621A-HMC-000,158.20512344082925,1621A-HMC-000.jpg
sp-1882,1882,THROTTLE BODY ASSY,GTS 300,164019,16401-L3A-000,16401-L3A-000,11593.109892911169,16401-L3A-000.jpg
sp-1883,1883,طلمبه بنزين,GTS 300,167099,1670A-HWA-000,1670A-HWA-000,12784.684299677825,1670A-HWA-000.jpg
sp-1884,1884,FUEL PUMP FILTER SCREEN,GTS 300,167119,16711-M9Q-000,16711-M9Q-000,1218.6070319090902,16711-M9Q-000.jpg
sp-1885,1885,كوعة كربراتير,GTS 300,171199,1711A-L3A-900,1711A-L3A-900,1021.9195811448157,1711A-L3A-900.jpg
sp-1886,1886,ملحق رشاش بنزين,GTS 300,171209,17120-LHA-000,17120-LHA-000,1137.3665631151507,17120-LHA-000.jpg
sp-1887,1887,فلتر هواء,GTS 300,172009,17200-L3A-000,17200-L3A-000,4575.121137342901,17200-L3A-000.jpg
sp-1888,1888,غيار فلتر هواء,GTS 300,172119,17211-HMA-000,17211-HMA-000,3788.0046875,17211-HMA-000.jpg
sp-1890,1890,تنك بنزين,GTS 300,175009,17500-L3A-010,17500-L3A-010,5793.72816925199,17500-L3A-010.jpg
sp-1891,1891,اطار غطاء تنك,GTS 300,175089,17508-L3A-000,17508-L3A-000,329.2376893228069,17508-L3A-000.jpg
sp-1892,1892,جهاز عادم,GTS 300,175799,1757A-L3A-000,1757A-L3A-000,1453.7768099968093,1757A-L3A-000.jpg
sp-1895,1895,غطاء تنك,GTS 300,176209,17620-L4A-000,17620-L4A-000,2874.714241738136,17620-L4A-000.jpg
sp-1896,1896,سلك بنزين a,GTS 300,179109,17910-L3A-000,17910-L3A-000,684.1302635279102,17910-L3A-000.jpg
sp-1897,1897,سلك بنزين b,GTS 300,179209,17920-L3A-000,17920-L3A-000,684.1302635279102,17920-L3A-000.jpg
sp-1898,1898,شكمان,GTS 300,180009,18000-L3A-000-BKK,18000-L3A-000-BKK,22708.84893497957,18000-L3A-000-BKK.jpg
sp-1899,1899,حليه شكمان,GTS 300,183189,18318-L3A-30,18318-L3A-30,2276.871033303826,18318-L3A-30.jpg
sp-1900,1900,جوان شكمان,GTS 300,183199,18319-L3A-300,18319-L3A-300,1099.6174695173197,18319-L3A-300.jpg
sp-1901,1901,MUFFLER BAND 40.1MM,GTS 300,183219,18321-L3A-000,18321-L3A-000,581.226376744869,18321-L3A-000.jpg
sp-1902,1902,غطاء شكمان امامي,GTS 300,183289,18328-L3A-000-IL,18328-L3A-000-IL,730.4515834542791,18328-L3A-000-IL.jpg
sp-1903,1903,مروحه تبريد,GTS 300,190059,19005-HMA-000,19005-HMA-000,2928.932690728866,19005-HMA-000.jpg
sp-1904,1904,رداتير,GTS 300,190109,19010-L3A-000,19010-L3A-000,7268.884049984049,19010-L3A-000.jpg
sp-1905,1905,مروحة رادياتير,GTS 300,190209,19020-HMA-000,19020-HMA-000,5356.707958648656,19020-HMA-000.jpg
sp-1910,1910,حساس ترومستات,GTS 300,193199,1931A-H9A-000,1931A-H9A-000,577.2349098516743,1931A-H9A-000.jpg
sp-1911,1911,خرطوم هواء,GTS 300,195099,1950A-LEA-000,1950A-LEA-000,384.8232732344495,1950A-LEA-000.jpg
sp-1912,1912,بوجية,GTS 300,980569,1PCR8E-3,1PCR8E-3,384.8232732344495,1PCR8E-3.jpg
sp-1913,1913,كاوتش خلفى,GTS 300,427109,1T011406013-MAPRO,42710-L3D-000,6541.995644985642,1T011406013-MAPRO.jpg
sp-1914,1914,نص كرتيرة داخل الماتور,GTS 300,213019,21301-H9A-000,21301-H9A-000,2262.070223007058,21301-H9A-000.jpg
sp-1915,1915,جوان نص كرتيرا وسط,GTS 300,213959,21395-M92-002,21395-M92-002,53.36216055517699,21395-M92-002.jpg
sp-1916,1916,مجموعة سحب امامى,GTS 300,220009,22000-RB1-000,22000-RB1-000,4211.676934843697,22000-RB1-000.jpg
sp-1917,1917,غطاء مجموعة سحب خلفي كلاتش,GTS 300,221019,,22101-HMA-000,2287.5605686714507,22101-HMA-000.jpg
sp-1918,1918,غطاء مروحة سحب امامي,GTS 300,221029,22102-HMA-000,22102-HMA-000,1154.4698197033485,22102-HMA-000.jpg
sp-1919,1919,اكس مروحة سحب امامي,GTS 300,221059,22105-HMA-0000,22105-HMA-0000,731.1642191454541,22105-HMA-0000.jpg
sp-1920,1920,طقم بكر سحب ( 6 قطع ),GTS 300,221219,22121-RB1-001-A,22121-RB1-001-A,1192.9521470267932,22121-RB1-001-A.jpg
sp-1921,1921,طقم مروحة سحب خلفي,GTS 300,223009,22300-HMa-000,22300-HMa-000,5482.378526593493,22300-HMa-000.jpg
sp-1922,1922,CLUTCH SPRING,GTS 300,224019,22401-HMA-000,22401-HMA-000,427.581414704944,22401-HMA-000.jpg
sp-1923,1923,CLUTCH WEIGHT (3 PES),GTS 300,225309,22530-HMB-000,22530-HMB-000,8551.628294098877,22530-HMB-000.jpg
sp-1924,1924,CLUTCH DAMPER RUBBER,GTS 300,228049,22804-HMA-000,22804-HMA-000,114.36021682980123,22804-HMA-000.jpg
sp-1925,1925,طنبورة تيل سحب,GTS 300,230109,23010-L3D-000,23010-L3D-000,12399.861026443374,23010-L3D-000.jpg
sp-1926,1926,سير,GTS 300,231009,23100-L3A-0002,23100-L3A-0002,9082.634880000001,23100-L3A-0002.jpg
sp-1931,1931,ترس فلام,GTS 300,281109,28110-HMA-000,28110-HMA-000,1795.8419417607638,28110-HMA-000.jpg
sp-1932,1932,بلية مارش,GTS 300,281209,2812A-L3A-000,2812A-L3A-000,3151.275026375437,2812A-L3A-000.jpg
sp-1934,1934,موبينة بوجية,GTS 300,305109,3051A-L3A-000,3051A-L3A-000,2394.4559223476863,3051A-L3A-000.jpg
sp-1935,1935,مغناطيس,GTS 300,311109,31110-L3A-000,31110-L3A-000,4278.447425537694,31110-L3A-000.jpg
sp-1936,1936,ملف كهرباء,GTS 300,311209,31120-L3A-000,31120-L3A-000,4831.962736036299,31120-L3A-000.jpg
sp-1938,1938,بطاريه (ضمان شهر او 300 كيلو ايهما اقرب ),GTS 300,315009,31500-BAA-000-P,31500-BAA-000-P,5618.419789222962,31500-BAA-000-P.jpg
sp-1941,1941,ضفيرة,GTS 300,321009,32100-L35-100,32100-L35-100,16585.883076404774,32100-L35-100.jpg
sp-1942,1942,ضفيرة,GTS 300,321009A,32100-L37-100,32100-L37-100,26063.866505461912,32100-L37-100.jpg
sp-1943,1943,فانوس امامي,GTS 300,331099,3310A-L3A-004,3310A-L3A-004,7153.437068013711,3310A-L3A-004.jpg
sp-1944,1944,ليد,GTS 300,331199,3311A-L3A-001,3311A-L3A-001,3377.893176169057,3311A-L3A-001.jpg
sp-1945,1945,اشارة امامى يمين,GTS 300,333109,33310-L3A-000,33310-L3A-000,4068.5846372140827,33310-L3A-000.jpg
sp-1946,1946,لمبه اشارة امامى,GTS 300,333159,33315-L3A-000,33315-L3A-000,577.2349098516743,33315-L3A-000.jpg
sp-1947,1947,اشارة امامى شمال,GTS 300,333209,33320-L3A-000,33320-L3A-000,4068.5846372140827,33320-L3A-000.jpg
sp-1948,1948,اشارة مرايه امامي يمين,GTS 300,334009,33400-L3A-000,33400-L3A-000,5295.108199922888,33400-L3A-000.jpg
sp-1949,1949,اشارة مرايه امامي شمال,GTS 300,334509,33450-L3A-000,33450-L3A-000,5295.108199922888,33450-L3A-000.jpg
sp-1950,1950,فانوس خلفى,GTS 300,337009,33700-L3A-000,33700-L3A-000,5597.040718487716,33700-L3A-000.jpg
sp-1951,1951,فانوس نمرة خلفى,GTS 300,337409,33740-LEA-010,33740-LEA-010,419.02978641084496,33740-LEA-010.jpg
sp-1952,1952,طقم لوك,GTS 300,350109,35010-L3A-100,35010-L3A-100,5815.107239987237,35010-L3A-100.jpg
sp-1953,1953,كتله كهرباء يمين,GTS 300,351509,35150-HMD-000,35150-HMD-000,1372.5363412028698,35150-HMD-000.jpg
sp-1954,1954,كتله كهرباء شمال,GTS 300,352009,35200-HNL-000,35200-HNL-000,2116.5280027894723,35200-HNL-000.jpg
sp-1955,1955,كتلة كهرباء شمال,GTS 300,352099,35200-L3D-000,35200-L3D-000,2116.525,35200-L3D-000.jpg
sp-1958,1958,مفتاح شبورة وانتظار,GTS 300,353609,35360-L3A-000,35360-L3A-000,1385.363783644018,35360-L3A-000.jpg
sp-1959,1959,LUGGAGE BOX LIGHT ASSY,GTS 300,353709,35370-M9P-000,35370-M9P-000,213.790707352472,35370-M9P-000.jpg
sp-1960,1960,لقط مارش,GTS 300,358599,3585A-L3A-000,3585A-L3A-000,2052.390790583731,3585A-L3A-000.jpg
sp-1961,1961,لقط ماتور,GTS 300,358809,35880-HMB-000,35880-HMB-000,1192.9521470267932,35880-HMB-000.jpg
sp-1963,1963,عداد,GTS 300,372009,37200-L3E-000,37200-L3E-000,10261.953952918651,37200-L3E-000.jpg
sp-1964,1964,وحدة طلمبه,GTS 300,377509,37750-PC1-004,37750-PC1-004,619.9930513221684,37750-PC1-004.jpg
sp-1965,1965,عوامة بنزين,GTS 300,378009,37800-L3A-010,37800-L3A-010,940.6791123508765,37800-L3A-010.jpg
sp-1967,1967,كلاكس,GTS 300,381109,38110-L3A-000,38110-L3A-000,726.8884049984047,38110-L3A-000.jpg
sp-1969,1969,ECU SUSPENSION,GTS 300,387009,38700-L4A-900,38700-L4A-900,256.54884882296636,38700-L4A-900.jpg
sp-1970,1970,ECU COVER,GTS 300,387019,38701-L3A-000,38701-L3A-000,171.03256588197755,38701-L3A-000.jpg
sp-1971,1971,c.d.i,GTS 300,387109,38710-L4A-000-07,38710-L4A-000-07,7157.712882160758,38710-L4A-000-07.jpg
sp-1972,1972,HAZZARD CONTROL UNIT ASSY,GTS 300,387209,3872A-A75-010,3872A-A75-010,3330.8592205515133,3872A-A75-010.jpg
sp-1973,1973,وحدة فرامل  ABS,GTS 300,387309,38730-L3G-000,38730-L3G-000,28412.785007143517,38730-L3G-000.jpg
sp-1974,1974,هيدروليك Abs,GTS 300,387319,38731-L3E-000,38731-L3E-000,483.1669986165867,38731-L3E-000.jpg
sp-1975,1975,وحدة الكترونى,GTS 300,388009,38800-H5B-000,38800-H5B-000,641.3721220574157,38800-H5B-000.jpg
sp-1976,1976,جنط خلفي CBS,GTS 300,426019,42601-L3A-000-KB1,42601-L3A-000-KB1,7273.159864131099,42601-L3A-000-KB1.jpg
sp-1978,1978,تيل فرامل خلفى (2 قطعة ),GTS 300,431089,43108-L1A-000-A,43108-HMA-000,1411.018668526315,43108-L1A-000-A.jpg
sp-1980,1980,خرطوم باكم A,GTS 300,433119,43311-L3A-000,43311-L3A-000,1743.6791302346069,43311-L3A-000.jpg
sp-1981,1981,خرطوم باكم B,GTS 300,433129,43312-L3A-000,43312-L3A-000,1743.6791302346069,43312-L3A-000.jpg
sp-1982,1982,خرطوم باكم C,GTS 300,433139,43313-L3A-000,43313-L3A-000,3031.8024516691817,43313-L3A-000.jpg
sp-1983,1983,ماستر فرامل خلفي,GTS 300,435009,43500-HMA-000,43500-HMA-000,2266.1814979362025,43500-HMA-000.jpg
sp-1984,1984,جنط امامي,GTS 300,446019,44601-L3A-000,44601-L3A-000,6388.066335691864,44601-L3A-000.jpg
sp-1985,1985,كاوتش أمامي,GTS 300,447109,44710-L3A-000,44710-L3A-000,7791.575212579865,44710-L3A-000.jpg
sp-1986,1986,حساس سرعة,GTS 300,448009,44800-L3A-000,44800-L3A-000,1462.3284382909083,44800-L3A-000.jpg
sp-1987,1987,باكم فرامل امامى,GTS 300,451009,45100-L3A-000-SH,45100-L3A-000-SH,6057.603780711784,45100-L3A-000-SH.jpg
sp-1988,1988,تيل فرامل امامى ( 4 قطع ),GTS 300,451059,45105-L3A-000-A,45105-L3A-00,1453.7768099968093,45105-L3A-000-A.jpg
sp-1992,1992,خرطوم باكم امامى B,GTS 300,451279,45127-L3E-000-A1,45127-L3E-000-A1,2266.1814979362025,45127-L3E-000-A1.jpg
sp-1993,1993,ماستر فرامل  امامى,GTS 300,455009,45500-HMA-000,45500-HMA-000,2266.1814979362025,45500-HMA-000.jpg
sp-1994,1994,خزانه باكم خلفى,GTS 300,463009,46300-HMA-000,46300-HMA-000,1932.6679944663467,46300-HMA-000.jpg
sp-1995,1995,ظرف بلى  1,GTS 300,503009,50300-L4A-000,50300-L4A-000,3094.6377356415996,50300-L4A-000.jpg
sp-1997,1997,ظرف بلى  3,GTS 300,503059,50305-L4A-000,50305-L4A-000,75.57680000000002,50305-L4A-000.jpg
sp-1999,1999,ظرف بلى  5,GTS 300,503079,50307-L4A-000,50307-L4A-000,44.46846712931416,50307-L4A-000.jpg
sp-2001,2001,FR.COVER STAY,GTS 300,503159,50315-L3A-900,50315-L3A-900,5000.0,50315-L3A-900.jpg
sp-2002,2002,غطاء بطارية,GTS 300,503269,50326-L3A-000-IL,50326-L3A-000-IL,416.8918793373203,50326-L3A-000-IL.jpg
sp-2004,2004,حمالة النص,GTS 300,505099,5050A-L3A-900,5050A-L3A-900,2484.248019435724,5050A-L3A-900.jpg
sp-2007,2007,دواسه راكب خلفى يمين,GTS 300,507109,5071A-F6B-000-IE,5071A-F6B-000-IE,1026.1953952918655,5071A-F6B-000-IE.jpg
sp-2008,2008,دواسة راكب خلفي شمال,GTS 300,507199,5071B-F6B-000-IE,5071B-F6B-000-IE,1026.1953952918655,5071B-F6B-000-IE.jpg
sp-2009,2009,مساعد امامي يمين,GTS 300,514009,51400-L3A-000,51400-L3A-000,11931.643810492906,51400-L3A-000.jpg
sp-2010,2010,مساعد امامي شمال,GTS 300,515009,51500-L3A-000,51500-L3A-000,11931.643810492906,51500-L3A-000.jpg
sp-2012,2012,مساعد خلفي,GTS 300,524009,52400-L3A-100-KB,52400-L3A-100-KB,3660.1552913933638,52400-L3A-100-KB.jpg
sp-2013,2013,جادون,GTS 300,531009,53100-L3A-000,53100-L3A-000,2640.4939556948793,53100-L3A-000.jpg
sp-2015,2015,مقبض بنزين,GTS 300,531409,53140-L4A-000,53140-L4A-000,299.3069902934608,53140-L4A-000.jpg
sp-2016,2016,مقبض جادون,GTS 300,531669,53166-L4A-000,53166-L4A-000,277.9279195582135,53166-L4A-000.jpg
sp-2019,2019,رقبة,GTS 300,532009,53200-L3A-000,53200-L3A-000,5089.658001765879,53200-L3A-000.jpg
sp-2020,2020,فبرة جادون,GTS 300,532049BR,53204-L3A-000-BR,53204-L3A-000-BR,1122.4012136004776,53204-L3A-000-BR.jpg
sp-2021,2021,فبرة جادون,GTS 300,532049IL,53204-L3A-000-IL,53204-L3A-000-IL,1122.4012136004776,53204-L3A-000-IL.jpg
sp-2022,2022,فبرة جادون,GTS 300,532049GJ,53204-L3A-000-KX,53204-L3A-000-KX,1122.4012136004776,53204-L3A-000-KX.jpg
sp-2023,2023,فبرة جادون,GTS 300,532049QU,53204-L3A-000-QU,53204-L3A-000-QU,1122.4012136004776,53204-L3A-000-QU.jpg
sp-2024,2024,حلية جنب شمال,GTS 300,532059,53205-L3A-000,53205-L3A-000,213.79500000000002,53205-L3A-000.jpg
sp-2025,2025,حليه جنب يمين,GTS 300,532069,53206-HMA-900,53206-HMA-900,213.79070735247197,53206-HMA-900.jpg
sp-2026,2026,حليه جنب شمال,GTS 300,532079,53207-HMA-900,53207-HMA-900,274.90436737933,53207-HMA-900.jpg
sp-2027,2027,فبرة عداد,GTS 300,532089,53208-L3A-000-KA,53208-L3A-000-KA,458.17394563221654,53208-L3A-000-KA.jpg
sp-2028,2028,مثلث وش امامى,GTS 300,532099GJ,5320G-L1P-001-GJ,5320G-L1P-001-GJ,1054.7008229388616,5320G-L1P-001-GJ.jpg
sp-2029,2029,مثلث وش امامى,GTS 300,532099IP,5320G-L1P-001-Ip,5320G-L1P-001-Ip,1054.7008229388616,5320G-L1P-001-Ip.jpg
sp-2033,2033,سونسور اضاءة,GTS 300,532169,53216-L1A-000,53216-L1A-000,88.93693425862833,53216-L1A-000.jpg
sp-2035,2035,رفرف امامى,GTS 300,611009GH,61100-L3A-000-GH,61100-L3A-000-GH,1781.589227937266,61100-L3A-000-GH.jpg
sp-2036,2036,رفرف امامى,GTS 300,611009JG,61100-L3A-000-JG,61100-L3A-000-JG,1781.589227937266,61100-L3A-000-JG.jpg
sp-2037,2037,رفرف امامى,GTS 300,611009QU,61100-L3A-000-QU,61100-L3A-000-QU,1781.589227937266,61100-L3A-000-QU.jpg
sp-2038,2038,فبرة هوايه وش امامى,GTS 300,643009GH,64300-L3A-001-GH,64300-L3A-001-GH,1346.8814563205738,64300-L3A-001-GH.jpg
sp-2039,2039,فبرة هوايه وش امامى,GTS 300,643009IL,64300-L3A-001-IL,64300-L3A-001-IL,1346.8814563205738,64300-L3A-001-IL.jpg
sp-2040,2040,وش امامي,GTS 300,643019BR,64301-L3A-000-BR,64301-L3A-000-BR,3351.2151451956406,64301-L3A-000-BR.jpg
sp-2041,2041,وش امامي,GTS 300,643019IL,64301-L3A-000-IL,64301-L3A-000-IL,3351.2151451956406,64301-L3A-000-IL.jpg
sp-2042,2042,وش امامي,GTS 300,643019IP,64301-L3A-000-IP,64301-L3A-000-IP,3351.2151451956406,64301-L3A-000-IP.jpg
sp-2043,2043,وش امامي,GTS 300,643019KX,64301-L3A-000-KX,64301-L3A-000-KX,3351.2151451956406,64301-L3A-000-KX.jpg
sp-2044,2044,وش امامي,GTS 300,643019QU,64301-L3A-000-QU,64301-L3A-000-QU,3351.2151451956406,64301-L3A-000-QU.jpg
sp-2045,2045,فبرة جنب وش امامى يمين,GTS 300,643049BR,64304-L3A-000-BR,64304-L3A-000-BR,1413.7938893794108,64304-L3A-000-BR.jpg
sp-2046,2046,فبرة جنب وش امامى يمين,GTS 300,643049GH,64304-L3A-000-GH,64304-L3A-000-GH,1413.7938893794108,64304-L3A-000-GH.jpg
sp-2047,2047,فبرة جنب وش امامى يمين,GTS 300,643049IL,64304-L3A-000-IL,64304-L3A-000-IL,1413.7938893794108,64304-L3A-000-IL.jpg
sp-2048,2048,فبرة جنب وش امامى يمين,GTS 300,643049IP,64304-L3A-000-IP,64304-L3A-000-IP,1413.7938893794108,64304-L3A-000-IP.jpg
sp-2049,2049,فبرة جنب وش امامى يمين,GTS 300,643049kx,64304-L3A-000-KX,64304-L3A-000-KX,1413.7938893794108,64304-L3A-000-KX.jpg
sp-2050,2050,فبرة جنب وش امامى يمين,GTS 300,643049QU,64304-L3A-000-QU,64304-L3A-000-QU,1413.7938893794108,64304-L3A-000-QU.jpg
sp-2051,2051,فبرة جنب وش امامى شمال,GTS 300,643059BR,64305-L3A-000-BR,64305-L3A-000-BR,1413.7938893794108,64305-L3A-000-BR.jpg
sp-2052,2052,فبرة جنب وش امامى شمال,GTS 300,643059GH,64305-L3A-000-GH,64305-L3A-000-GH,1413.7938893794108,64305-L3A-000-GH.jpg
sp-2053,2053,فبرة جنب وش امامى شمال,GTS 300,643059IL,64305-L3A-000-IL,64305-L3A-000-IL,1413.7938893794108,64305-L3A-000-IL.jpg
sp-2054,2054,فبرة جنب وش امامى شمال,GTS 300,643059IP,64305-L3A-000-IP,64305-L3A-000-IP,1413.7938893794108,64305-L3A-000-IP.jpg
sp-2055,2055,فبرة جنب وش امامى شمال,GTS 300,643059kx,64305-L3A-000-KX,64305-L3A-000-KX,1413.7938893794108,64305-L3A-000-KX.jpg
sp-2056,2056,فبرة جنب وش امامى شمال,GTS 300,643059QU,64305-L3A-000-QU,64305-L3A-000-QU,1413.7938893794108,64305-L3A-000-QU.jpg
sp-2063,2063,فبرة هوايه يمين,GTS 300,643219,64321-L3A-000-KA,64321-L3A-000-KA,274.36474110233905,64321-L3A-000-KA.jpg
sp-2064,2064,فبرة هوايه شمال,GTS 300,643229,64322-L3A-000-KA,64322-L3A-000-KA,256.5488488229664,64322-L3A-000-KA.jpg
sp-2065,2065,غطاء صغير يمين,GTS 300,643239,64323-L3A-000-KA,64323-L3A-000-KA,288.617454925837,64323-L3A-000-KA.jpg
sp-2066,2066,غطاء صغير شمال,GTS 300,643249,64324-L3A-000-KA,64324-L3A-000-KA,288.617454925837,64324-L3A-000-KA.jpg
sp-2067,2067,WIND SCREEN SET(GY-7450U),GTS 300,671009,6710A-L3A-010-IL,6710A-L3A-010-IL,6392.3421498389125,6710A-L3A-010-IL.jpg
sp-2068,2068,WIND SCREEN GARNISH(BK-001UL),GTS 300,671109,67110-L1P-000-JH,67110-L1P-000-JH,1731.704729555023,67110-L1P-000-JH.jpg
sp-2069,2069,كلبيس اسكرينه,GTS 300,671129,67112-L1P-000,67112-L1P-000,158.20512344082925,67112-L1P-000.jpg
sp-2070,2070,WIND SCREEN GARNISH RH COVER(BK-001UL),GTS 300,671209,67120-L1P-000-JH,67120-L1P-000-JH,346.3409459110045,67120-L1P-000-JH.jpg
sp-2071,2071,WIND SCREEN GARNISH LH COVER(BK-001UL),GTS 300,671219,67121-L1P-000-JH,67121-L1P-000-JH,346.3409459110045,67121-L1P-000-JH.jpg
sp-2073,2073,شلتة,GTS 300,772009,77200-L1P-000-T1,77200-L1P-000-T1,7811.912446659326,77200-L1P-000-T1.jpg
sp-2074,2074,مسند  كرسي,GTS 300,773009,77300-L3A-000,77300-L3A-000,2155.010330112917,77300-L3A-000.jpg
sp-2075,2075,مخدع كرسى كبير,GTS 300,774009,77400-L3A-000-KA,77400-L3A-000-KA,4398.469878069279,77400-L3A-000-KA.jpg
sp-2076,2076,رفرف خلفى,GTS 300,801009,80100-L3A-000-KA,80100-L3A-000-KA,616.4298728662942,80100-L3A-000-KA.jpg
sp-2077,2077,فبرة ربط خلفى,GTS 300,801059,80105-L3A-000,80105-L3A-000,288.617454925837,80105-L3A-000.jpg
sp-2078,2078,فبرة دخلى خلفى,GTS 300,801069,80106-L3A-000-KA,80106-L3A-000-KA,213.79070735247197,80106-L3A-000-KA.jpg
sp-2079,2079,صدر,GTS 300,811319,81131-L3A-000-KA,81131-L3A-000-KA,1597.0634676322975,81131-L3A-000-KA.jpg
sp-2080,2080,غطاء خلفى -فبرة كونتاك,GTS 300,811329,81132-L3A-000-KA,81132-L3A-000-KA,178.15892279372665,81132-L3A-000-KA.jpg
sp-2081,2081,HAZARD SW. STAY,GTS 300,811349,81134-L3A-000,81134-L3A-000,171.03256588197755,81134-L3A-000.jpg
sp-2082,2082,باب التابلوة,GTS 300,811419,81141-L3A-000-IL,81141-L3A-000-IL,405.81120898853464,81141-L3A-000-IL.jpg
sp-2083,2083,باب صدر  داخلي,GTS 300,811429,81142-L3A-000,81142-L3A-000,178.15892279372665,81142-L3A-000.jpg
sp-2084,2084,حامل بضائع خلفي يمين,GTS 300,812009,81200-L3A-000-IL,81200-L3A-000-IL,2266.1814979362025,81200-L3A-000-IL.jpg
sp-2085,2085,حامل بضائع خلفي شمال,GTS 300,812109,81210-L3A-000-IL,81210-L3A-000-IL,2266.1814979362025,81210-L3A-000-IL.jpg
sp-2086,2086,فبرة كرسى,GTS 300,812509,8125A-L3A-010-KA,8125A-L3A-010-KA,3861.75182747154,8125A-L3A-010-KA.jpg
sp-2087,2087,غطاء فبرة كرسى,GTS 300,812519,8125B-L3A-000,8125B-L3A-000,591.4876236751724,8125B-L3A-000.jpg
sp-2088,2088,جنب خلفى علوى يمين,GTS 300,835009BR,83500-L3A-000-BR,83500-L3A-000-BR,2644.3182005059352,83500-L3A-000-BR.jpg
sp-2089,2089,جنب خلفى علوى يمين,GTS 300,835009GH,83500-L3A-000-GH,83500-L3A-000-GH,2644.3182005059352,83500-L3A-000-GH.jpg
sp-2090,2090,جنب خلفى علوى يمين,GTS 300,835009IL,83500-L3A-000-IL,83500-L3A-000-IL,2644.3182005059352,83500-L3A-000-IL.jpg
sp-2091,2091,جنب خلفى علوى يمين,GTS 300,835009IP,83500-L3A-000-ip,83500-L3A-000-ip,2644.3182005059352,83500-L3A-000-ip.jpg
sp-2092,2092,جنب خلفى علوى يمين,GTS 300,835009kx,83500-L3A-000-KX,83500-L3A-000-KX,2644.3182005059352,83500-L3A-000-KX.jpg
sp-2093,2093,جنب خلفى علوى يمين,GTS 300,835009QU,83500-L3A-000-QU,83500-L3A-000-QU,2644.3182005059352,83500-L3A-000-QU.jpg
sp-2094,2094,جنب اسفل الدواسة يمين,GTS 300,835209GH,83520-L3A-000-GH,83520-L3A-000-GH,1322.1591002529676,83520-L3A-000-GH.jpg
sp-2095,2095,جنب اسفل الدواسة يمين,GTS 300,835209IL,83520-L3A-000-IL,83520-L3A-000-IL,1322.1591002529676,83520-L3A-000-IL.jpg
sp-2096,2096,جنب اسفل الدواسة يمين,GTS 300,835209IP,83520-L3A-000-IP,83520-L3A-000-IP,1322.1591002529676,83520-L3A-000-IP.jpg
sp-2097,2097,جنب اسفل الدواسة يمين,GTS 300,835209kx,83520-L3A-000-KX,83520-L3A-000-KX,1322.1591002529676,83520-L3A-000-KX.jpg
sp-2098,2098,جنب اسفل الدواسة يمين,GTS 300,835209qu,83520-L3A-000-QU,83520-L3A-000-QU,1322.1591002529676,83520-L3A-000-QU.jpg
sp-2099,2099,علامه sym فضي,GTS 300,835219,83521-L4C-000,83521-L4C-000,136.8260527055821,83521-L4C-000.jpg
sp-2100,2100,جنب خلفى علوى شمال,GTS 300,836009BR,83600-L3A-000-BR,83600-L3A-000-BR,2644.3182005059352,83600-L3A-000-BR.jpg
sp-2101,2101,جنب خلفى علوى شمال,GTS 300,836009GH,83600-L3A-000-GH,83600-L3A-000-GH,2644.3182005059352,83600-L3A-000-GH.jpg
sp-2102,2102,جنب خلفى علوى شمال,GTS 300,836009IL,83600-L3A-000-il,83600-L3A-000-il,2644.3182005059352,83600-L3A-000-il.jpg
sp-2103,2103,جنب خلفى علوى شمال,GTS 300,836009IP,83600-L3A-000-ip,83600-L3A-000-ip,2644.3182005059352,83600-L3A-000-ip.jpg
sp-2104,2104,جنب خلفى علوى شمال,GTS 300,836009kx,83600-L3A-000-KX,83600-L3A-000-KX,2644.3182005059352,83600-L3A-000-KX.jpg
sp-2105,2105,جنب خلفى علوى شمال,GTS 300,836009QU,83600-L3A-000-QU,83600-L3A-000-QU,2644.3182005059352,83600-L3A-000-QU.jpg
sp-2106,2106,جنب اسفل الدواسة شمال,GTS 300,836209GH,83620-L3A-000-GH,83620-L3A-000-GH,1322.1591002529676,83620-L3A-000-GH.jpg
sp-2107,2107,جنب اسفل الدواسة شمال,GTS 300,836209IL,83620-L3A-000-IL,83620-L3A-000-IL,1322.1591002529676,83620-L3A-000-IL.jpg
sp-2108,2108,جنب اسفل الدواسة شمال,GTS 300,836209IP,83620-L3A-000-IP,83620-L3A-000-IP,1322.1591002529676,83620-L3A-000-IP.jpg
sp-2109,2109,جنب اسفل الدواسة شمال,GTS 300,836209kx,83620-L3A-000-KX,83620-L3A-000-KX,1322.1591002529676,83620-L3A-000-KX.jpg
sp-2110,2110,جنب اسفل الدواسة شمال,GTS 300,836209QU,83620-L3A-000-QU,83620-L3A-000-QU,1322.1591002529676,83620-L3A-000-QU.jpg
sp-2111,2111,قاعدة فبرة شنطه,GTS 300,836309,83630-L3A-100,83630-L3A-100,1083.9086485242146,83630-L3A-100.jpg
sp-2112,2112,SPECIAL BOLT 5MM,GTS 300,836509,83650-L3A-000,83650-L3A-000,149.6534951467304,83650-L3A-000.jpg
sp-2113,2113,علامه sym اسود,GTS 300,871219,87121-A5W-000-T2,87121-A5W-000-T2,153.92930929377982,87121-A5W-000-T2.jpg
sp-2114,2114,استكر يمين,GTS 300,871269,87126-L3A-000,87126-L3A-000,927.8516699097282,87126-L3A-000.jpg
sp-2115,2115,استكر شمال,GTS 300,871279,87127-L3A-000,87127-L3A-000,927.8516699097282,87127-L3A-000.jpg
sp-2116,2116,علامه وش امامي,GTS 300,875539,87553-L4A-000,87553-L4A-000,483.1669986165867,87553-L4A-000.jpg
sp-2117,2117,مراية يمين,GTS 300,881109IL,88110-L3A-008-IL,88110-L3A-008-IL,6007.518876604461,88110-L3A-008-IL.jpg
sp-2118,2118,مراية يمين,GTS 300,881109IP,88110-L3A-008-IP,88110-L3A-008-IP,6007.518876604461,88110-L3A-008-IP.jpg
sp-2119,2119,مراية يمين,GTS 300,881109kx,88110-L3A-008-KX,88110-L3A-008-KX,6007.518876604461,88110-L3A-008-KX.jpg
sp-2120,2120,مراية يمين,GTS 300,881109oq,88110-L3A-008-OQ,88110-L3A-008-OQ,6007.518876604461,88110-L3A-008-OQ.jpg
sp-2121,2121,مراية يمين,GTS 300,881109qu,88110-L3A-008-QU,88110-L3A-008-QU,6007.518876604461,88110-L3A-008-QU.jpg
sp-2122,2122,R. BASE COVER,GTS 300,881119,88111-L3A-000,88111-L3A-000,111.17116782328544,88111-L3A-000.jpg
sp-2123,2123,R. PAD,GTS 300,881129,88112-L3A-000,88112-L3A-000,111.17116782328544,88112-L3A-000.jpg
sp-2124,2124,مرايا يمين,GTS 300,8811A9JH,8811A-L3A-007-JH,8811A-L3A-007-JH,9577.823689390745,8811A-L3A-007-JH.jpg
sp-2125,2125,مراية شمال,GTS 300,881209kx,88120-L3a-0001KX,88120-L3a-0001KX,6007.518876604461,88120-L3a-0001KX.jpg
sp-2126,2126,مراية شمال,GTS 300,881209IL,88120-L3A-008-IL,88120-L3A-008-IL,6007.518876604461,88120-L3A-008-IL.jpg
sp-2127,2127,مراية شمال,GTS 300,881209IP,88120-L3A-008-IP,88120-L3A-008-IP,6007.518876604461,88120-L3A-008-IP.jpg
sp-2128,2128,مراية شمال,GTS 300,881209oq,88120-L3A-008-OQ,88120-L3A-008-OQ,6007.518876604461,88120-L3A-008-OQ.jpg
sp-2129,2129,مراية شمال,GTS 300,881209qu,88120-L3A-008-QU,88120-L3A-008-QU,6007.518876604461,88120-L3A-008-QU.jpg
sp-2130,2130,L. BASE COVER,GTS 300,881219,88121-L3A-000,88121-L3A-000,111.17116782328544,88121-L3A-000.jpg
sp-2131,2131,L. PAD,GTS 300,881229,88122-L3A-000,88122-L3A-000,111.17116782328544,88122-L3A-000.jpg
sp-2132,2132,مراية شمال,GTS 300,8812A9BR,8812A-L3A-007-BR,8812A-L3A-007-BR,9577.823689390745,8812A-L3A-007-BR.jpg
sp-2133,2133,مراية شمال,GTS 300,8812A9JH,8812A-L3A-007-JH,8812A-L3A-007-JH,9577.823689390745,8812A-L3A-007-JH.jpg
sp-2134,2134,مراية شمال,GTS 300,8812a9qu,8812A-L3A-007-QU,8812A-L3A-007-QU,9577.823689390745,8812A-L3A-007-QU.jpg
sp-2135,2135,مراية شمال,GTS 300,8812a9KX,8812A-L3A-008-KX,8812A-L3A-008-KX,9577.823689390745,8812A-L3A-008-KX.jpg
sp-2136,2136,ملحقات قلة زيت 14MM,GTS 300,900819,9008A-H9A-000,9008A-H9A-000,88.93693425862833,9008A-H9A-000.jpg
sp-2138,2138,صامولة  غطاء مروحة سحب امامي 14MM,GTS 300,902019,90201-KRB-751-M1,90201-KRB-751-M1,97.83062768449115,90201-KRB-751-M1.jpg
sp-2139,2139,وردة 14.2*28*2,GTS 300,904019,90401-KJG-000,90401-KJG-000,31.127926990519917,90401-KJG-000.jpg
sp-2141,2141,بلية كرنك TMB306,GTS 300,910019,91001-HMA-000,91001-HMA-000,1560.6721636730454,91001-HMA-000.jpg
sp-2142,2142,اويسيل18*37*7,GTS 300,912559,91255-BAA-000,91255-BAA-000,709.785148410207,91255-BAA-000.jpg
sp-2143,2143,DUST SEAL,GTS 300,912569,91256-L3A-000,91256-L3A-000,1859.979153966506,91256-L3A-000.jpg
sp-2144,2144,تيلة كرانك 2X11.8,GTS 300,962209,96220-20118,96220-20118,32.6743476656575,96220-20118.jpg
sp-2145,2145,بلاطة شحن f10,hm,22133,2213-f10-000,2213-f10-000,375.0,2213-f10-000.jpg
sp-2302,2302,KEY SET,HUSKY,3501021,35010-ZC1-0000,35010-ZC1-0000,5858.319999999999,35010-ZC1-0000.jpg
sp-2536,2536,موتور كامل,JET 14,11A2011,11A20-X8A-000,11A20-X8A-000,36038.9169,11A20-X8A-000.jpg
sp-2538,2538,سلندر كامل,JET 14,1210111,1210A-XMA-0000,1210A-XMA-0000,2260.4026190890427,1210A-XMA-0000.jpg
sp-2540,2540,راس سلندر كاملة,JET 14,1220A11,1220A-X9c-0000,1220A-X9C-0000,6245.799999999999,1220A-X9c-0000.jpg
sp-2555,2555,FUEL CUT VALVE ASSY,JET 14,1758011,17580-XMB-0003,17580-XMB-0003,213.790707352472,17580-XMB-0003.jpg
sp-2564,2564,DRIVE  PLATE,JET 14,2230011,22300-F6C-0000,22300-F6C-0000,1076.634,22300-F6C-0000.jpg
sp-2592,2592,عداد dd (عادة),JET 14,3720011,37200-X9C-0100-C,37200-X9C-0100-C,4912.5,37200-X9C-0100-C.jpg
sp-2594,2594,باغة عداد,jet 14,3720411,37204-X8A-0000,37204-X8A-0000,513.1012499999999,37204-X8A-0000.jpg
sp-2598,2598,جنط خلفي كامل,JET 14,4260011,4260A-X81-0000,4260A-X81-0000,6273.04768272,4260A-X81-0000.jpg
sp-2603,2603,ماستر فرامل خلفي,JET 14,4350011,43500-XMC-0000,43500-XMC-0000,1112.5,43500-XMC-0000.jpg
sp-2607,2607,جنط امامي كامل,JET 14,4460011,4460A-X81-0001,4460A-X81-0001,6157.172371751192,4460A-X81-0001.jpg
sp-2609,2609,سلك عداد -سلك سرعة,JET 14,4483011,44830-XDA-0002,44830-XDA-0002,456.25,44830-XDA-0002.jpg
sp-2610,2610,SPEED. SENSOR COMP.,JET 14,4483011e,44830-XDE-0002,44830-XDE-0002,441.61,44830-XDE-0002.jpg
sp-2612,2612,طقم فرامل كامل امامي وخلفي,JET 14,4500111,4500A-X81-0000,4500A-X81-0000,6636.063556220732,4500A-X81-0000.jpg
sp-2617,2617,خرطوم باكم امامي  A,JET 14,4512411,45124-X81-0000,45124-X81-0000,534.4767683811798,45124-X81-0000.jpg
sp-2618,2618,خرطوم باكم امامي  B,JET 14,4512511,45125-X81-0000,45125-X81-0000,476.60156250000006,45125-X81-0000.jpg
sp-2622,2622,شاسية,JET 14,5010011,50100-X8A-0002,50100-X8A-0002,10000.0,50100-X8A-0002.jpg
sp-2626,2626,IGN. COIL STAY,JET 14,5035611,50356-Z7R-000014,50356-Z7R-0000,27.470625000000002,50356-Z7R-000014.jpg
sp-2698,2698,بوكس كامل,JET 14,8150a11,8150a-x8a-0000,8150a-x8a-0000,3750.0,8150a-x8a-0000.jpg
sp-2745,2745,حامل بوكس  خلفي,JET 14,8130011,81300-X8A-000,81300-X8A-000,625.0,81300-X8A-000.jpg
sp-2747,2747,غطاء وش كارتيره شمال كاملة( انجكشن ),jET 14 Ai,1134A11I,1134A-X9E-0000,1134A-X9E-0000,3270.997822492821,1134A-X9E-0000.jpg
sp-2748,2748,موتور كامل(انجكشن),jET 14 Ai,11A2011i,11A20-X9E-000,11A20-X9E-000,37746.02349,11A20-X9E-000.jpg
sp-2752,2752,كوعه كرابرتير ( انجكشن ),jET 14 Ai,1711A11,1711A-Z7P-0003,1711A-Z7P-0003,692.681891822009,1711A-Z7P-0003.jpg
sp-2763,2763,فيشة موبينة بوجية,jET 14 Ai,3070011,30700-X8A-0001,30700-X8A-0001,88.38374999999999,30700-X8A-0001.jpg
sp-2769,2769,عداد ( انجكشن )عادة,jET 14 Ai,3720111,37200-X9A-0100-C,37200-X9A-0100-C,5379.829931121653,37200-X9A-0100-C.jpg
sp-2776,2776,جنط امامي كامل,jET 14 Ai,4460011I,4460A-X9E-0001,4460A-X9E-0001,7700.568148979999,4460A-X9E-0001.jpg
sp-2779,2779,جهاز فرامل كامل امامى  ABS (4 مخرج ),jET 14 Ai,4550Z11I,4550Z-X93-0004-K,4550Z-X93-0004-K,22593.963116551062,4550Z-X93-0004-K.jpg
sp-2829,2829,انجكشن,JET 14 EVO,1640a18,1640a-xr4-6003,1640a-xr4-6003,7299.46875,1640a-xr4-6003.jpg
sp-2833,2833,AIR/C ASS‘Y,JET 14 EVO,1720018,17200-ZJE-0000,17200-ZJE-0000,943.3620833333333,17200-ZJE-0000.jpg
sp-2909,2909,HAZARD CONTROL UNIT ASS'Y,JET 14 EVO,3872118,3872A-XM3-0000,3872A-XM3-0000,1472.296875,3872A-XM3-0000.jpg
sp-2994,2994,LUGGAGE BOX,JET 14 EVO,8125018,81250-ZJA-0101,81250-ZJA-0101,872.8125,81250-ZJA-0101.jpg
sp-3030,3030,نص كراتيرا يمين بالجلب,jet X,1110015,1110A-X9C-0000,1110A-X9C-0000,1347.09677802,1110A-X9C-0000.jpg
sp-3032,3032,نص كراتيرا شمال كاملة,jet X,1120015,1120A-X9C-0000,1120A-X9C-0000,4744.997606160001,1120A-X9C-0000.jpg
sp-3034,3034,غطاء كرتيرا يمين كاملة,jet X,1133115,1133A-X9E-0000,1133A-X9E-0000,2553.4521016199997,1133A-X9E-0000.jpg
sp-3038,3038,غطاء وش كارتيره شمال كاملة( انجكشن ),jet X,1134A15,1134A-X1M-0000,1134A-X1M-0000,2095.148932054225,1134A-X1M-0000.jpg
sp-3041,3041,موتور كامل,jet X,11A2015,11A20-XN1-000,11A20-XN1-000,37746.02349,11A20-XN1-000.jpg
sp-3045,3045,راس سلندر كاملة,jet X,1220A15,1220A-X9E-0000,1220A-X9E-0000,5870.69282389888,1220A-X9E-0000.jpg
sp-3060,3060,تنك بنزين كامل,jet X,1750015,1750A-X1M-0000,1750A-X1M-0000,4126.160651902709,1750A-X1M-0000.jpg
sp-3062,3062,شكمان,jet X,1800015,18000-X1M-0001-K-C,18000-X1M-0001-K-C,3906.25,18000-X1M-0001-K-C.jpg
sp-3065,3065,نص كرتيرا وسط كاملة,jet X,2120015,2120A-A6F-0000,2120A-A6F-0000,1397.3615831700001,2120A-A6F-0000.jpg
sp-3076,3076,ضفيرة,jet X,3210015,32100-X1M-9000,32100-X1M-9000,6132.306228299999,32100-X1M-9000.jpg
sp-3089,3089,عداد,jet X,3720015,37200-X1M-0002-C,37200-X1M-0002-C,4848.773242754065,37200-X1M-0002-C.jpg
sp-3095,3095,جنط خلفي,jet X,4260115,42601-X81-0001,42601-X81-0001,3408.782,42601-X81-0001.jpg
sp-3096,3096,جنط خلفي كامل,jet X,4260015,4260A-X1M-0000,4260A-X1M-0000,5319.112798929504,4260A-X1M-0000.jpg
sp-3103,3103,ماستر فرامل خلفي,jet X,4350015,43500-X93-0000,43500-X93-0000,1173.425,43500-X93-0000.jpg
sp-3107,3107,جنط امامي كامل,jet X,4460015,4460A-X1M-0000,4460A-X1M-0000,6571.895618794895,4460A-X1M-0000.jpg
sp-3115,3115,جهاز فرامل كامل امامى  (ABS ),jet X,4550z15,4550Z-X1M-0000,4550Z-X1M-0000,20775.0,4550Z-X1M-0000.jpg
sp-3244,3244,R. Body cover garnish,jet X,8355015,83550-XN1-0000-VN,83550-XN1-0000-VN,178.15892279372665,83550-XN1-0000-VN.jpg
sp-3259,3259,L. Body cover garnish,jet X,8365015,83650-XN1-0000-VN,83650-XN1-0000-VN,178.15892279372665,83650-XN1-0000-VN.jpg
sp-3272,3272,علامة جنب بارزة شمال,jet X,8713015L,87130-XN1-0000,87130-XN1-0000,118.6558950617284,87130-XN1-0000.jpg
sp-3331,3331,OIL PUMP GASKET,JOYMAX Z,1512620,15126-B8A-0000,15126-B8A-0000,3.48816,15126-B8A-0000.jpg
sp-3342,3342,ECU SET,JOYMAX Z,1640A20,1640A-XTL-6000,1640A-XTL-6000,7098.182000000001,1640A-XTL-6000.jpg
sp-3347,3347,AIR/C ASSY.,JOYMAX Z,1720020,17200-XTF-0004,17200-XTF-0004,1568.5539999999996,17200-XTF-0004.jpg
sp-3359,3359,A.I.S.V TUBE A,JOYMAX Z,1759320,17593-XTF-0000,17593-XTF-0000,125.21600000000001,17593-XTF-0000.jpg
sp-3365,3365,REED VALVE COMP,JOYMAX Z,1861020,18610-L2E-0002,18610-L2E-0002,493.03799999999995,18610-L2E-0002.jpg
sp-3404,3404,FLYWHEEL COMP,JOYMAX Z,3111020,31110-J01-0000,31110-J01-0000,3142.698,31110-J01-0000.jpg
sp-3407,3407,بطارية (ضمان شهر او 300 كيلو ايهما اقرب ),JOYMAX Z,3150020,31500-XTA-9000,31500-XTA-9000,2620.3375,31500-XTA-9000.jpg
sp-3409,3409,WIRE HARNESS,JOYMAX Z,3210020,32100-XTK-0001,32100-XTK-0001,7803.639999999999,32100-XTK-0001.jpg
sp-3416,3416,FR. R. WINKER,JOYMAX Z,3340020,33400-XTC-0001,33400-XTC-0001,2289.6639999999998,33400-XTC-0001.jpg
sp-3417,3417,FR. L. WINKER,JOYMAX Z,3345020,33450-XTC-0001,33450-XTC-0001,2289.6639999999998,33450-XTC-0001.jpg
sp-3418,3418,TAIL LIGHT ASSY,JOYMAX Z,3370020,33700-XTA-0000,33700-XTA-0000,7047.871999999999,33700-XTA-0000.jpg
sp-3422,3422,SMART KEY SET,JOYMAX Z,3501020,35010-XTK-0000,35010-XTK-0000,5878.4439999999995,35010-XTK-0000.jpg
sp-3423,3423,R HANDLE SW. ASSY.,JOYMAX Z,3515020,35150-XTA-0100,35150-XTA-0100,730.054,35150-XTA-0100.jpg
sp-3432,3432,SPEEDMETER ASSY,JOYMAX Z,3720020,37200-XTD-8000,37200-XTD-8000,15600.572,37200-XTD-8000.jpg
sp-3433,3433,FUEL UNIT,JOYMAX Z,3780020,37800-XTA-0000,37800-XTA-0000,355.52400000000006,37800-XTA-0000.jpg
sp-3439,3439,HAZARD CONTROL UNIT ASS'Y,JOYMAX Z,3872A20,3872A-XTA-0000,3872A-XTA-0000,1420.978,3872A-XTA-0000.jpg
sp-3474,3474,STRG. BOTTOM CONE RACE,JOYMAX Z,5030520,50305-L4A-0000,50305-L4A-0000,75.57680000000002,50305-L4A-0000.jpg
sp-3478,3478,R WIND SCREEN STAY,JOYMAX Z,5031720,50317-LM1-010,50317-LM1-0101,533.4016366172248,50317-LM1-010.jpg
sp-3479,3479,L WIND SCREEN STAY,JOYMAX Z,5031820,50318-LM1-010,50318-LM1-0101,533.4016366172248,50318-LM1-010.jpg
sp-3496,3496,R. STEP BAR COMP.,JOYMAX Z,5071A20,5071A-Z2D-0001,5071A-Z2D-0001,537.7579999999999,5071A-Z2D-0001.jpg
sp-3497,3497,L. STEP BAR COMP.,JOYMAX Z,5071B20,5071B-Z2D-0001,5071B-Z2D-0001,537.7579999999999,5071B-Z2D-0001.jpg
sp-3514,3514,METER PANEL,JOYMAX Z,5320820,53208-L9M-0006-TW,53208-L9M-0006-TW,248.19600000000003,53208-L9M-0006-TW.jpg
sp-3520,3520,STEEL BALL LOW ASS'Y,JOYMAX Z,5322520,53225-L4A-0000,53225-L4A-0000,38.36976,53225-L4A-0000.jpg
sp-3580,3580,R. FLOOR SIDE COVER,JOYMAX Z,8352020,83520-L9M-0004-TW,83520-L9M-0004-TW,154.284,83520-L9M-0004-TW.jpg
sp-3587,3587,L. FLOOR SIDE COVER,JOYMAX Z,8362020,83620-L9M-0004-TW,83620-L9M-0004-TW,143.10399999999998,83620-L9M-0004-TW.jpg
sp-3628,3628,نص كراتيرا يمين,JOYRAID,111005,11100-H9B-010,11100-H9B-010,8058.625169462643,11100-H9B-010.jpg
sp-3629,3629,جلبة ماتور كبيرة,JOYRAID,111025,11102-H9A-300,11102-H9A-300,175.30838002902698,11102-H9A-300.jpg
sp-3630,3630,جوان وش كهرباء,JOYRAID,111915,11191-H9A-000,11191-H9A-000,149.6534951467304,11191-H9A-000.jpg
sp-3631,3631,نص كراتيرا شمال,JOYRAID,112005,11200-H9B-010,11200-H9B-010,13525.29487506303,11200-H9B-010.jpg
sp-3633,3633,خرطوم غطاء تحكم لسلندر,JOYRAID,112115,11211-LTA-000,11211-LTA-000,53.36216055517699,11211-LTA-000.jpg
sp-3634,3634,غطاء كرتيرا يمين,JOYRAID,113305,11330-LVA-000-H1,11330-LVA-000-H1,6199.930513221687,11330-LVA-000-H1.jpg
sp-3635,3635,وش الماتور,JOYRAID,113415,11341-H9A-000-IL,11341-H9A-000-IL,3578.856441080379,11341-H9A-000-IL.jpg
sp-3636,3636,جوان صفيح,JOYRAID,113465,11346-H9A-000,11346-H9A-000,188.50585191725474,11346-H9A-000.jpg
sp-3637,3637,جوان فتيس,JOYRAID,113495,11349-H9A-000,11349-H9A-000,136.8260527055821,11349-H9A-000.jpg
sp-3638,3638,جوان غطاء كرتيرا يمين,JOYRAID,113945,11394-H9A-000,11394-H9A-000,211.80432799691548,11394-H9A-000.jpg
sp-3639,3639,جوان وش الماتور,JOYRAID,113955,11395-H9A-000,11395-H9A-000,353.0072133281925,11395-H9A-000.jpg
sp-3640,3640,سلندر,JOYRAID,121005,12100-HLA-010,12100-HLA-010,8017.151525717696,12100-HLA-010.jpg
sp-3641,3641,سلندر بالبستم والشمبر,JOYRAID,1210S5,1210S-HLA-010,1210S-HLA-010,9544.228006806783,1210S-HLA-010.jpg
sp-3642,3642,جوان سلندر,JOYRAID,121915,12191-HLK-000,12191-HLK-000,175.30838002902698,12191-HLK-000.jpg
sp-3643,3643,راس سلندر,JOYRAID,122005,12200-LVA-000,12200-LVA-000,3655.8210957272713,12200-LVA-000.jpg
sp-3644,3644,صمام تحكم بخار,JOYRAID,122035,12203-H9A-300,12203-H9A-300,171.03256588197755,12203-H9A-300.jpg
sp-3646,3646,راس سلندر كاملة,JOYRAID,1220A5,1220A-LVA-900,1220A-LVA-900,30956.894424637943,1220A-LVA-900.jpg
sp-3647,3647,جوان راس سلندر,JOYRAID,122515,12251-LVA-000,12251-LVA-000,612.644018731078,12251-LVA-000.jpg
sp-3648,3648,غطاء تحكم للسلندر,JOYRAID,123005,12300-H9A-000,12300-H9A-000,989.6557225655877,12300-H9A-000.jpg
sp-3650,3650,جوان غطاء تحكم للسلندر64X3.5MM,JOYRAID,123515,12351-M36-000,12351-M36-000,120.06486124914824,12351-M36-000.jpg
sp-3651,3651,غطاء مياة صغير,JOYRAID,123615,12361-H9A-000,12361-H9A-000,102.27747439742258,12361-H9A-000.jpg
sp-3652,3652,جوان طبه,JOYRAID,123625,12362-H9A-000,12362-H9A-000,136.8260527055821,12362-H9A-000.jpg
sp-3653,3653,طبة زيت,JOYRAID,123655,1236A-V02-000,1236A-V02-000,149.6534951467304,1236A-V02-000.jpg
sp-3654,3654,كرانك,JOYRAID,130005,13000-LTA-300,13000-LTA-300,7268.884049984049,13000-LTA-300.jpg
sp-3655,3655,شمبر - سلندر,JOYRAID,130105,13010-HLA-000,13010-HLA-000,1000.5405104095687,13010-HLA-000.jpg
sp-3656,3656,بستم - سلندر,JOYRAID,131015,13101-HLA-000,13101-HLA-000,1000.5405104095687,13101-HLA-000.jpg
sp-3658,3658,ترس كامه,JOYRAID,141005,14100-H9A-000,14100-H9A-000,2693.7629126411466,14100-H9A-000.jpg
sp-3659,3659,كامة,JOYRAID,141005A,14100-LDA-000,14100-LDA-000,2693.7629126411466,14100-LDA-000.jpg
sp-3660,3660,ترس كامة,JOYRAID,1410555,14105-A31-000,14105-A31-000,298.46759886898667,14105-A31-000.jpg
sp-3663,3663,جنزير كاتينة,JOYRAID,144015,14401-m9q-0032,1C14401-M92-000,1355.5476991802589,14401-m9q-0032.jpg
sp-3664,3664,مجموعة شواكيش داخلية,JOYRAID,1443555,1443A-H9A-000-H3,1443A-H9A-000-H3,1351.1572704676225,1443A-H9A-000-H3.jpg
sp-3665,3665,مجموعة شواكيش داخلية,JOYRAID,144355,1443A-LDA-000,1443A-H9A-000,1759.3879512277113,1443A-LDA-000.jpg
sp-3666,3666,شواكيش,JOYRAID,1444555,1444A-H9A-000-H3,1444A-H9A-000-H3,1239.9861026443368,1444A-H9A-000-H3.jpg
sp-3667,3667,شواكيش,JOYRAID,144455,1444A-LDA-000,1444A-H9A-000,1759.3879512277113,1444A-LDA-000.jpg
sp-3669,3669,بنز  ضبط حركة كامة,JOYRAID,144575,14457-H9A-000,14457-H9A-000,17.787386851725675,14457-H9A-000.jpg
sp-3670,3670,دراع كاتينه,JOYRAID,145105,14510-H9A-000,14510-H9A-000,848.2763336276463,14510-H9A-000.jpg
sp-3671,3671,سكس بلف,JOYRAID,145205,14520-M9Q-000,14520-M9Q-000,867.9902718510357,14520-M9Q-000.jpg
sp-3672,3672,جوان سكس بلف,JOYRAID,145235,14523-M9Q-000,14523-M9Q-000,29.370200148905614,14523-M9Q-000.jpg
sp-3674,3674,دليل كامة,JOYRAID,146105,14610-KV7-900,14610-KV7-900,408.42934582071877,14610-KV7-900.jpg
sp-3675,3675,صباب 1-1,JOYRAID,147115,14711-HNS-000,14711-HNS-000,615.7172371751193,14711-HNS-000.jpg
sp-3676,3676,صباب1-2,JOYRAID,147215,14721-H9A-000,14721-H9A-000,808.1288737923443,14721-H9A-000.jpg
sp-3679,3679,طلمبه زيت,JOYRAID,151005,15100-H9A-000,15100-H9A-000,1225.288037462156,15100-H9A-000.jpg
sp-3680,3680,ترس طلمبه زيت,JOYRAID,151335,15133-KM1-000,15133-KM1-000,213.790707352472,15133-KM1-000.jpg
sp-3681,3681,كاتينه,JOYRAID,151415,15141-V01-003,15141-V01-003,885.0935284392338,15141-V01-003.jpg
sp-3684,3684,ضاغط زيت,JOYRAID,154415,15441-149-000,15441-149-000,114.36021682980123,15441-149-000.jpg
sp-3685,3685,سوسته طبه زيت,JOYRAID,154475,15447-149-0000,15447-149-0000,53.36216055517699,15447-149-0000.jpg
sp-3686,3686,OIL LEVEL GAUGE ASSY,JOYRAID,1565A5,1565A-H9A-000,1565A-H9A-000,136.8260527055821,1565A-H9A-000.jpg
sp-3687,3687,كربراتير كهرباء,JOYRAID,164005,16400-LVA-000-02,16400-LVA-000-02,12468.274052796165,16400-LVA-000-02.jpg
sp-3688,3688,طلمبه بنزين,JOYRAID,167005,16700-LVA-010,16700-LVA-010,14259.84018040988,16700-LVA-010.jpg
sp-3689,3689,فلتر طلمبة بنزين,JOYRAID,167105,1670S-F6B-900,1670S-F6B-900,4147.539722637956,1670S-F6B-900.jpg
sp-3690,3690,فلتر بنزين,JOYRAID,169055,16905-LVA-0000,16905-LVA-0000,127.44,16905-LVA-0000.jpg
sp-3691,3691,كوعة كربراتير,JOYRAID,171155,1711A-LVA-000,1711A-LVA-000,598.6139805869216,1711A-LVA-000.jpg
sp-3692,3692,جلبه رشاش,JOYRAID,171205,17120-LVA-000,17120-LVA-000,461.7879278813394,17120-LVA-000.jpg
sp-3693,3693,كليبس جلبة رشاش بنزين,JOYRAID,171215,17121-H5B-000,17121-H5B-000,53.36216055517699,17121-H5B-000.jpg
sp-3694,3694,فلتر هواء,JOYRAID,172005,17200-LVA-000,17200-LVA-000,2437.2140638181804,17200-LVA-000.jpg
sp-3695,3695,غيار فلتر هواء,JOYRAID,172115,17211-LTA-000,17211-LTA-000,1131.035111503529,17211-LTA-000.jpg
sp-3696,3696,ايوسيل غطاء فلتر,JOYRAID,172145,17214-HLK-000,17214-HLK-000,80.0432408327655,17214-HLK-000.jpg
sp-3697,3697,تنك بنزين,JOYRAID,175005,17500-HLK-000,17500-HLK-000,2450.576074924312,17500-HLK-000.jpg
sp-3698,3698,جلبة غطاء تنك,JOYRAID,175095,17509-LVA-000,17509-LVA-000,153.92930929377982,17509-LVA-000.jpg
sp-3699,3699,جلبة غطاء تنك,JOYRAID,176245,17624-H9T-0002,17624-H9T-0002,62.255853981039834,17624-H9T-0002.jpg
sp-3700,3700,مشبك انبوبة حشو,JOYRAID,176525,17652-SA5-0001,17652-SA5-0001,153.92930929377982,17652-SA5-0001.jpg
sp-3701,3701,BREATHER TUBE B,JOYRAID,176545,17654-LVA-000,17654-LVA-000,299.3069902934608,17654-LVA-000.jpg
sp-3702,3702,ماكنه ضخ بنزين,JOYRAID,176655,1766A-LVA-000,1766A-LVA-000,3613.0629542567754,1766A-LVA-000.jpg
sp-3703,3703,FEED FUEL HOSE,JOYRAID,177825,17782-LVA-020,17782-LVA-020,940.6791123508765,17782-LVA-020.jpg
sp-3704,3704,FUEL PIPE ASSY.,JOYRAID,177815,1778A-LVA-000,1778A-LVA-000,1753.0838002902697,1778A-LVA-000.jpg
sp-3705,3705,سلك بنزين,JOYRAID,179105,17910-LVA-000,17910-LVA-000,619.9930513221684,17910-LVA-000.jpg
sp-3706,3706,شكمان,JOYRAID,180005,18000-LVA-000,18000-LVA-000,20908.731179071758,18000-LVA-000.jpg
sp-3708,3708,حليه شكمان,JOYRAID,183185,18318-HE1-900,18318-HE1-900,1058.2640013947364,18318-HE1-900.jpg
sp-3709,3709,لسان الصباب,JOYRAID,186105,18610-L2E-000,18610-L2E-000,855.162829409888,18610-L2E-000.jpg
sp-3710,3710,رداتير,JOYRAID,190005,19000-LVA-000,19000-LVA-000,12677.788946001587,19000-LVA-000.jpg
sp-3711,3711,قربة مياه,JOYRAID,191055,1910A-LVA-000,1910A-LVA-000,1099.6174695173197,1910A-LVA-000.jpg
sp-3712,3712,غطاء حشو المبرد,JOYRAID,191115,19111-H9A-000,19111-H9A-000,662.751192792663,19111-H9A-000.jpg
sp-3713,3713,RADIATOR HOSE A,JOYRAID,191255,19125-LVA-010,19125-LVA-010,363.44420249920233,19125-LVA-010.jpg
sp-3714,3714,فبرة تهويه,JOYRAID,192005,19200-LVA-000,19200-LVA-000,85.23122866451881,19200-LVA-000.jpg
sp-3715,3715,انبوبة مخرج المبرد,JOYRAID,192015,19201-LVA-000-KA,19201-LVA-000-KA,538.7525825282293,19201-LVA-000-KA.jpg
sp-3717,3717,MECHANICAL SEAL,JOYRAID,192175,19217-H9A-300,19217-H9A-300,491.7186269106856,19217-H9A-300.jpg
sp-3719,3719,WATER PUMP COVER ASSY,JOYRAID,192215,1922A-HLA-000,1922A-HLA-000,500.27025520478435,1922A-HLA-000.jpg
sp-3720,3720,WATER PUMP SHAFT,JOYRAID,192315,19231-KJ9-010,19231-KJ9-010,791.0256172041464,19231-KJ9-010.jpg
sp-3721,3721,ترومستات,JOYRAID,193055,1930A-H9A-000,1930A-H9A-000,2539.833603347367,1930A-H9A-000.jpg
sp-3722,3722,حساس ترومستات,JOYRAID,193155,1931A-H9A-000,1931A-H9A-000,577.2349098516743,1931A-H9A-000.jpg
sp-3723,3723,خرطوم فلتر,JOYRAID,194055,1940A-H9A-000,1940A-H9A-000,513.0976976459327,1940A-H9A-000.jpg
sp-3724,3724,خرطوم مياء,JOYRAID,195025,19502-H9A-000,19502-H9A-000,124.51170796207967,19502-H9A-000.jpg
sp-3727,3727,WATER HOSE ASSY,JOYRAID,1950A5,1950A-H9A-000,1950A-H9A-000,384.8232732344495,1950A-H9A-000.jpg
sp-3728,3728,بوجية,JOYRAID,980565,1PCR7E-3,1PCR7E-3,439.8469878069278,1PCR7E-3.jpg
sp-3729,3729,جوان نص كرتيرا وسط,JOYRAID,213955,21395-M92-002,21395-M92-002,53.36216055517699,21395-M92-002.jpg
sp-3730,3730,غطاء مجموعة سحب خلفي كلاتش,JOYRAID,221015,22101-X06-000,22101-X06-000,3322.3075922574144,22101-X06-000.jpg
sp-3731,3731,مروحه سحب,JOYRAID,221025,22102-RA1-000,22102-RA1-000,1000.5405104095687,22102-RA1-000.jpg
sp-3732,3732,اكس مروحة سحب امامي,JOYRAID,221055,22105-H9A-0000,22105-H9A-0000,486.9734507862416,22105-H9A-0000.jpg
sp-3733,3733,طقم مروحة سحب امامي,JOYRAID,221105,22110-LVA-000,22110-LVA-000,1192.9521470267932,22110-LVA-000.jpg
sp-3734,3734,طقم بكر سحب ( 6 قطع ),JOYRAID,221215,22121-X06-900-A,22121-X06-900-A,675.5786352338113,22121-X06-900-A.jpg
sp-3735,3735,غطاء بكر سحب,JOYRAID,221315,22131-LVA-000,22131-LVA-000,384.8232732344495,22131-LVA-000.jpg
sp-3736,3736,كليبس غطاء سحب,JOYRAID,221325,22132-HLA-000-A,22132-HLA-000-A,102.27747439742258,22132-HLA-000-A.jpg
sp-3737,3737,Weight Set,JOYRAID,223005,22300-H93-000,22300-HMR-000,2155.010330112917,22300-H93-000.jpg
sp-3738,3738,طقم تيل سحب  خلفي  كلاتش,JOYRAID,230105,23010-H93-000,23010-H93-000,9079.698534014438,23010-H93-000.jpg
sp-3739,3739,سير,JOYRAID,231005,23100-HLK-0002,DRIVE BELT 818.86X18.7X28,2541.651935962986,23100-HLK-0002.jpg
sp-3740,3740,اكس فتيس A,JOYRAID,234115,23411-H9B-010,23411-H9B-010,1877.998374905984,23411-H9B-010.jpg
sp-3741,3741,ترس مناول A,JOYRAID,234205,23420-M92-000,23420-M92-000,1567.3520271771747,23420-M92-000.jpg
sp-3742,3742,اكس فتيس B,JOYRAID,234315,23431-H9A-000,23431-H9A-000,1623.8331813096856,23431-H9A-000.jpg
sp-3743,3743,ترس مناول B,JOYRAID,234325,23432-M92-000,23432-M92-000,1426.149141845898,23432-M92-000.jpg
sp-3744,3744,ترس,JOYRAID,281005,28100-H9A-000,28100-H9A-000,393.37490152854843,28100-H9A-000.jpg
sp-3745,3745,ترس فلام,JOYRAID,281105,28110-H9A-000,28110-H9A-000,602.8897947339709,28110-H9A-000.jpg
sp-3746,3746,ورد تحكم للترس,JOYRAID,281155,28115-H9A-000,28115-H9A-000,124.51170796207967,28115-H9A-000.jpg
sp-3748,3748,بلية مارش,JOYRAID,281255,2812A-V01-000,2812A-V01-000,1847.1517115253575,2812A-V01-000.jpg
sp-3749,3749,صموله ربط مروحه سحب,JOYRAID,282315,28231-H01-000,28231-H01-000,240.04490506317092,28231-H01-000.jpg
sp-3750,3750,موبينة بوجية,JOYRAID,305155,3051A-HLK-000,3051A-HLK-000,2202.0442857304606,3051A-HLK-000.jpg
sp-3751,3751,مغناطيس,JOYRAID,311105,31110-LVA-000,31110-LVA-000,4080.763386073905,31110-LVA-000.jpg
sp-3752,3752,ملف كهرباء,JOYRAID,311205,31120-LVA-000,31120-LVA-000,3897.199635143245,31120-LVA-000.jpg
sp-3753,3753,مارش,JOYRAID,312005,31200-HLA-000,31200-HLA-000,4408.364385607971,31200-HLA-000.jpg
sp-3754,3754,بطاريه (ضمان شهر او 300 كيلو ايهما اقرب ),JOYRAID,315005,31500-KV7-910-P,31500-KV7-910-P,3335.1350346985623,31500-KV7-910-P.jpg
sp-3757,3757,ضفيرة,JOYRAID,321005,32100-LVA-000,32100-LVA-000,12881.233214345742,32100-LVA-000.jpg
sp-3758,3758,كابل بطارية,JOYRAID,324115,32411-H9A-000,32411-H9A-000,363.44420249920233,32411-H9A-000.jpg
sp-3759,3759,فانوس امامي,JOYRAID,331055,3310A-LVA-000,3310A-LVA-000,9962.646962625195,3310A-LVA-000.jpg
sp-3760,3760,اشارة امامي يمين,JOYRAID,334005,33400-LVA-000,33400-LVA-000,1002.5404858520666,33400-LVA-000.jpg
sp-3761,3761,اشارة امامي شمال,JOYRAID,334505,33450-LVA-000,33450-LVA-000,1002.5404858520666,33450-LVA-000.jpg
sp-3762,3762,فانوس خلفى,JOYRAID,337005,33700-LVA-000,33700-LVA-000,4853.049056901114,33700-LVA-000.jpg
sp-3763,3763,باغة فانوس خلفي,JOYRAID,337015,33701-LVA-0000,33701-LVA-0000,1355.5476991802589,33701-LVA-0000.jpg
sp-3764,3764,فانوس نمرة خلفى,JOYRAID,337405,33740-TAW-010,33740-TAW-010,555.855839116427,33740-TAW-010.jpg
sp-3766,3766,طقم لوك,JOYRAID,350105,35010-LVA-010,35010-LVA-010,3527.5466713157875,35010-LVA-010.jpg
sp-3767,3767,كتله كهرباء يمين,JOYRAID,351505,35150-LTA-000,35150-LTA-000,1385.363783644018,35150-LTA-000.jpg
sp-3768,3768,كتله كهرباء شمال,JOYRAID,352005,35200-HLA-000,35200-HLA-000,1808.6693842019126,35200-HLA-000.jpg
sp-3770,3770,حساس فرامل شمال,JOYRAID,353505,35350-M9Q-900,35350-M9Q-900,307.85861858755965,35350-M9Q-900.jpg
sp-3771,3771,لقط مارش,JOYRAID,358505,35850-H6B-000,35850-H6B-000,769.646546468899,35850-H6B-000.jpg
sp-3773,3773,عداد,JOYRAID,372005,37200-LVA-001,37200-LVA-001,6708.752396720569,37200-LVA-001.jpg
sp-3774,3774,METERGARNISH,JOYRAID,372025,37202-LVA-000,37202-LVA-000,624.4398980351,37202-LVA-000.jpg
sp-3775,3775,WIREHARNESSMETER,JOYRAID,372245,37224-LTA-000,37224-LTA-000,1193.422486582969,37224-LTA-000.jpg
sp-3776,3776,METER COVER SPONGE,JOYRAID,372485,37248-LVG-000,37248-LVG-000,111.17116782328544,37248-LVG-000.jpg
sp-3777,3777,وحدة حرارية  طلمبة,JOYRAID,377505,37750-PC1-004,37750-PC1-004,619.9930513221684,37750-PC1-004.jpg
sp-3778,3778,لاكور رداتير(THERMO. SW),JOYRAID,377605,37760-HMA-000,37760-HMA-000,1743.6791302346069,37760-HMA-000.jpg
sp-3779,3779,عوامة بنزين,JOYRAID,378005,37800-LVA-000,37800-LVA-000,654.1995644985641,37800-LVA-000.jpg
sp-3781,3781,O2 SENSOR,JOYRAID,378905,37890-FEA-000,37890-FEA-000,5387.525825282293,37890-FEA-000.jpg
sp-3782,3782,كلاكس,JOYRAID,381105,38110-H9A-000,38110-H9A-000,706.8969446897054,38110-H9A-000.jpg
sp-3783,3783,ماكنة اشارات,JOYRAID,383015,38301-RFA-000,38301-RFA-000,692.681891822009,38301-RFA-000.jpg
sp-3785,3785,ريلية  B,JOYRAID,385015,3850A-M8Q-000,3850A-M8Q-000,491.7186269106856,3850A-M8Q-000.jpg
sp-3786,3786,ريلية كهرباء,JOYRAID,388005,38800-H5B-000,38800-H5B-000,641.3721220574157,38800-H5B-000.jpg
sp-3787,3787,جنط خلفي,JOYRAID,426015,42601-HTA-100,42601-HTA-100,5195.114188665068,42601-HTA-100.jpg
sp-3788,3788,كاوتش خلفى,JOYRAID,427105,4271A-H9A-0002,130/70/12,4271.53833290239,4271A-H9A-0002.jpg
sp-3789,3789,باكم فرامل خلفى,JOYRAID,431005,43100-H85-000,43100-H85-000,5310.561170635403,43100-H85-000.jpg
sp-3790,3790,تيل فرامل خلفى (2 قطعة ),JOYRAID,431055,43105-HMA-000-A,43105-HMA-000-A,1261.3651733795846,43105-HMA-000-A.jpg
sp-3791,3791,اسطوانة خلفى,JOYRAID,431215,43121-H9A-000,43121-H9A-000,2739.335975426774,43121-H9A-000.jpg
sp-3792,3792,خرطوم باكم خلفي,JOYRAID,431265,43126-HL6-000,43126-HL6-000,1496.534951467304,43126-HL6-000.jpg
sp-3793,3793,حامل حساس فرامل,JOYRAID,448715,43156-LVM-000,43156-LVM-000,111.17116782328544,43156-LVM-000.jpg
sp-3794,3794,ماستر فرامل خلفي,JOYRAID,435005,43500-H9L-000,43500-H9L-000,1539.293092937798,43500-H9L-000.jpg
sp-3795,3795,اكس امامى,JOYRAID,443015,44301-G22-900,44301-G22-900,534.0999137655554,44301-G22-900.jpg
sp-3796,3796,جنط امامي,JOYRAID,446015,44601-LVA-000,44601-LVA-000,7811.912446659326,44601-LVA-000.jpg
sp-3797,3797,كاوتش امامى,JOYRAID,447105,44710-HMA-000,110/90/13,7811.912446659326,44710-HMA-000.jpg
sp-3798,3798,ماكنة سرعة,JOYRAID,448005,44800-LVA-000,44800-LVA-000,1192.9521470267932,44800-LVA-000.jpg
sp-3799,3799,سلك عداد -سلك سرعة,JOYRAID,448305,44830-H85-000,44830-H85-000,1239.9861026443368,44830-H85-000.jpg
sp-3801,3801,باكم فرامل امامى,JOYRAID,451005,45100-H3A-700-SH,45100-H3A-700-SH,1821.5172207734734,45100-H3A-700-SH.jpg
sp-3802,3802,تيل فرامل امامى ( 2 قطعة ),JOYRAID,451055,45105-H3A-000-A,45105-H3A-000-A,983.4372538213712,45105-H3A-000-A.jpg
sp-3803,3803,اسطوانة امامى,JOYRAID,451215,45121-H3A-000,45121-H3A-000,3963.67971431483,45121-H3A-000.jpg
sp-3804,3804,خرطوم باكم امامى,JOYRAID,451265,45126-LVA-000,45126-LVA-000,1068.9535367623596,45126-LVA-000.jpg
sp-3805,3805,FR. BRK. HOSE CLAMP,JOYRAID,451565,45156-H3A-000,45156-H3A-000,88.93693425862833,45156-H3A-000.jpg
sp-3806,3806,ماستر فرامل  امامى,JOYRAID,455005,45500-H9L-000,45500-H9L-000,1393.9154119381174,45500-H9L-000.jpg
sp-3807,3807,ظرف بلى  1,JOYRAID,503015,50301-G02-000,50301-G02-000,307.85861858755965,50301-G02-000.jpg
sp-3809,3809,حامل معدنى امامى,JOYRAID,503115,50311-LVG-000,50311-LVG-000,1094.6084216446568,50311-LVG-000.jpg
sp-3810,3810,غطاء بطارية,JOYRAID,503265,50326-LVA-000,50326-LVA-000,160.34303051435393,50326-LVA-000.jpg
sp-3811,3811,غطاء بطاريه كبير,JOYRAID,503275,50327-H9A-000,50327-H9A-000,103.7597566350664,50327-H9A-000.jpg
sp-3812,3812,BATTERY COVER STAY,JOYRAID,503285,50328-LVE-000,50328-LVE-000,1411.018668526315,50328-LVE-000.jpg
sp-3813,3813,حامل ماتور,JOYRAID,503505,50350-HLK-000,50350-HLK-000,1068.9535367623596,50350-HLK-000.jpg
sp-3814,3814,STOPPER RUBBER,JOYRAID,503525,50352-HLB-000,50352-HLB-000,120.06486124914824,50352-HLB-000.jpg
sp-3817,3817,حمالة النص,JOYRAID,5050A5,5050A-LVA-000,5050A-LVA-000,3864.369964303723,5050A-LVA-000.jpg
sp-3818,3818,سوستة حمالة النص  A,JOYRAID,5052A5,5052A-H9A-000,5052A-H9A-000,111.17116782328544,5052A-H9A-000.jpg
sp-3819,3819,حمالة الجنب,JOYRAID,505305,50530-LVA-010,50530-LVA-010,615.7172371751193,50530-LVA-010.jpg
sp-3821,3821,مثلث وش أمامي,JOYRAID,506115,50611-LVA-000,50611-LVA-000,1624.8093758787866,50611-LVA-000.jpg
sp-3822,3822,فبرة اسفل ماتور,JOYRAID,506135,50613-H9A-000,50613-H9A-000,659.1880143367887,50613-H9A-000.jpg
sp-3823,3823,بطنيه رفرف امامى,JOYRAID,506155IP,50615-LVA-000-IP,50615-LVA-000-IP,2476.4090268327996,50615-LVA-000-IP.jpg
sp-3824,3824,بطنيه رفرف امامى,JOYRAID,506155JG,50615-LVA-000-JG,50615-LVA-000-JG,2476.4090268327996,50615-LVA-000-JG.jpg
sp-3825,3825,بطنيه رفرف امامى,JOYRAID,506155jh,50615-LVA-000-jh,50615-LVA-000-jh,2476.4090268327996,50615-LVA-000-jh.jpg
sp-3826,3826,بطنيه رفرف امامى,JOYRAID,506155QU,50615-LVA-000-QU,50615-LVA-000-QU,2476.4090268327996,50615-LVA-000-QU.jpg
sp-3827,3827,دواسه راكب خلفى يمين,JOYRAID,507155,5071A-F6B-000-IE,5071A-F6B-000-IE,1026.1953952918655,5071A-F6B-000-IE.jpg
sp-3828,3828,دواسة راكب خلفي يمين,JOYRAID,5071555,5071B-F6B-000-IE,5071B-F6B-000-IE,1026.1953952918655,5071B-F6B-000-IE.jpg
sp-3829,3829,مساعد امامي يمين,JOYRAID,514005,51400-LVA-000,51400-LVA-000,5408.0705081879105,51400-LVA-000.jpg
sp-3830,3830,مساعد امامي شمال,JOYRAID,515005,51500-LVA-000,51500-LVA-000,5408.0705081879105,51500-LVA-000.jpg
sp-3831,3831,مقص خلفى,JOYRAID,521055,5210A-LVA-000,5210A-LVA-000,4502.432296843059,5210A-LVA-000.jpg
sp-3832,3832,مساعد خلفى يمين,JOYRAID,524005,52400-LVA-000-KB,52400-LVA-000-KB,4838.316865876206,52400-LVA-000-KB.jpg
sp-3833,3833,مساعد خلفي شمال,JOYRAID,524505,52450-LVA-000-KB,52450-LVA-000-KB,4838.316865876206,52450-LVA-000-KB.jpg
sp-3834,3834,جادون,JOYRAID,531005,53100-LVA-000,53100-LVA-000,1962.7201061047501,53100-LVA-000.jpg
sp-3835,3835,حلية مقبض جادون,JOYRAID,531045,53104-B3D-000,53104-B3D-000,641.3721220574157,53104-B3D-000.jpg
sp-3836,3836,مقبض بنزين,JOYRAID,531405,53140-H85-000,53140-H85-000,230.8939639406697,53140-H85-000.jpg
sp-3838,3838,يد معدن يمين,JOYRAID,531755,53175-HLB-000,53175-HLB-000,538.7525825282293,53175-HLB-000.jpg
sp-3839,3839,يد معدن شمال,JOYRAID,531785,53178-HLB-000,53178-HLB-000,538.7525825282293,53178-HLB-000.jpg
sp-3840,3840,رقبة,JOYRAID,532005,53200-H85-000,53200-H85-000,3540.374113756935,53200-H85-000.jpg
sp-3841,3841,فبرة وش امامى,JOYRAID,532055,53205-LVA-000,53205-LVA-000,356.3178455874533,53205-LVA-000.jpg
sp-3842,3842,جراب مقبض يمين,JOYRAID,532065,53206-LVA-000,53206-LVA-000,171.03256588197755,53206-LVA-000.jpg
sp-3843,3843,جراب مقبض شمال,JOYRAID,532075,53207-LVA-000,53207-LVA-000,102.27747439742258,53207-LVA-000.jpg
sp-3844,3844,فبرة عداد,JOYRAID,532085,53208-LVA-000,53208-LVA-000,641.3721220574157,53208-LVA-000.jpg
sp-3846,3846,ظرف بلى  4,JOYRAID,532125,53212-G02-000,53212-G02-000,423.3056005578945,53212-G02-000.jpg
sp-3847,3847,STRG DUST SEAL,JOYRAID,532145,53214-G02-000,53214-G02-000,80.0432408327655,53214-G02-000.jpg
sp-3848,3848,ظرف بلى  5,JOYRAID,532155,53215-G02-000,53215-G02-000,120.06486124914824,53215-G02-000.jpg
sp-3849,3849,رفرف امامى,JOYRAID,611005,61100-LVA-000,61100-LVA-000,1635.498911246411,61100-LVA-000.jpg
sp-3850,3850,رفرف امامى,JOYRAID,611005GI,61100-LVA-000-G1,61100-LVA-000-G1,1635.498911246411,61100-LVA-000-G1.jpg
sp-3851,3851,رفرف امامى,JOYRAID,611005GH,61100-LVA-000-GH,61100-LVA-000-GH,1635.498911246411,61100-LVA-000-GH.jpg
sp-3852,3852,رفرف امامى,JOYRAID,611005JG,61100-LVA-000-GJ,61100-LVA-000-GJ,1635.498911246411,61100-LVA-000-GJ.jpg
sp-3853,3853,رفرف امامى,JOYRAID,611005IL,61100-LVA-000-IL,61100-LVA-000-IL,1635.498911246411,61100-LVA-000-IL.jpg
sp-3854,3854,رفرف امامى,JOYRAID,611005IP,61100-LVA-000-IP,61100-LVA-000-IP,1635.498911246411,61100-LVA-000-IP.jpg
sp-3855,3855,رفرف امامى,JOYRAID,611005QU,61100-LVA-000-QU,61100-LVA-000-QU,1635.498911246411,61100-LVA-000-QU.jpg
sp-3856,3856,رفرف امامى,JOYRAID,611005SO,61100-LVA-000-SO,61100-LVA-000-SO,1635.498911246411,61100-LVA-000-SO.jpg
sp-3857,3857,وش امامي,JOYRAID,643015GH,64301-LVA-000-GH,64301-LVA-000-GH,2743.64741102339,64301-LVA-000-GH.jpg
sp-3858,3858,وش امامي,JOYRAID,643015GI,64301-LVA-000-GI,64301-LVA-000-GI,2743.64741102339,64301-LVA-000-GI.jpg
sp-3859,3859,وش امامي,JOYRAID,643015IL,64301-LVA-000-IL,64301-LVA-000-IL,2743.64741102339,64301-LVA-000-IL.jpg
sp-3860,3860,وش امامي,JOYRAID,643015IP,64301-LVA-000-IP,64301-LVA-000-IP,2743.64741102339,64301-LVA-000-IP.jpg
sp-3861,3861,وش امامي,JOYRAID,643015JG,64301-LVA-000-JG,64301-LVA-000-JG,2743.64741102339,64301-LVA-000-JG.jpg
sp-3862,3862,وش امامي,JOYRAID,643015QU,64301-LVA-000-QU,64301-LVA-000-QU,2743.64741102339,64301-LVA-000-QU.jpg
sp-3863,3863,فبرة شبكه صغيرة,JOYRAID,643025,64302-LVA-000,64302-LVA-000,498.84498382243464,64302-LVA-000.jpg
sp-3864,3864,R.COIN BOX LID,JOYRAID,643035,64303-LVA-000,64303-LVA-000,77.81981747629979,64303-LVA-000.jpg
sp-3865,3865,صدر,JOYRAID,643045,64304-LVA-000,64304-LVA-000,677.0039066161612,64304-LVA-000.jpg
sp-3866,3866,غطاء فبرة امامى,JOYRAID,643055,64305-LVA-000,64305-LVA-000,111.17116782328543,64305-LVA-000.jpg
sp-3867,3867,L.COIN BOX LID,JOYRAID,643065,64306-LVA-000,64306-LVA-000,81.52552307040929,64306-LVA-000.jpg
sp-3868,3868,علامة وش امامي مثلث,JOYRAID,6430G5,6430G-LVA-004,6430G-LVA-004,1192.9521470267932,6430G-LVA-004.jpg
sp-3869,3869,دواسة رجل,JOYRAID,643105,64310-LVA-000,64310-LVA-000,570.1085529399251,64310-LVA-000.jpg
sp-3870,3870,R.LID HINGE STAY,JOYRAID,643115,64311-LVA-000,64311-LVA-000,35.57477370345135,64311-LVA-000.jpg
sp-3871,3871,L.LID HINGE STAY,JOYRAID,643125,64312-LVA-000,64312-LVA-000,35.57477370345135,64312-LVA-000.jpg
sp-3872,3872,LID HINGE PIN,JOYRAID,643135,64313-LVA-000,64313-LVA-000,57.8090072681084,64313-LVA-000.jpg
sp-3873,3873,فبرة صغيرة,JOYRAID,643155,64315-LVA-000,64315-LVA-000,213.79070735247197,64315-LVA-000.jpg
sp-3874,3874,L.AIR OUTLET DUCT BK-001U,JOYRAID,643165,64316-LVA-000,64316-LVA-000,171.03256588197755,64316-LVA-000.jpg
sp-3875,3875,غطاء رقم شاسية,JOYRAID,643185,64318-H6B-010,64318-H6B-010,108.91449221885833,64318-H6B-010.jpg
sp-3876,3876,برابريز امامى,JOYRAID,671055,6710A-LVA-000,6710A-LVA-000,5515.800249693777,6710A-LVA-000.jpg
sp-3877,3877,جوان اسكرينه,JOYRAID,671115,67111-LVA-010,67111-LVA-010,342.0651317639551,67111-LVA-010.jpg
sp-3878,3878,حلية اسكرينة ( شنب),JOYRAID,6711G5,6711G-LVA-000-KB,6711G-LVA-000-KB,855.162829409888,6711G-LVA-000-KB.jpg
sp-3879,3879,SET SPG LOCK KEY,JOYRAID,755815,75581-T53-000,75581-T53-000,80.0432408327655,75581-T53-000.jpg
sp-3880,3880,كرسى,JOYRAID,771005,77100-LVA-000,77100-LVA-000,5922.002593663474,77100-LVA-000.jpg
sp-3881,3881,SEAT HINGE STAY A+B,JOYRAID,771105,77110-H9A-010,77110-H9A-010,555.855839116427,77110-H9A-010.jpg
sp-3882,3882,SEAT LOCK WASHER,JOYRAID,772365,77236-HAA-000,77236-HAA-000,80.0432408327655,77236-HAA-000.jpg
sp-3883,3883,مسند خلفى صغير,JOYRAID,774055,7740A-LVB-000,7740A-LVB-000,3335.1350346985623,7740A-LVB-000.jpg
sp-3884,3884,رفرف خلفى,JOYRAID,801005,80100-LVA-000,80100-LVA-000,605.7403374986706,80100-LVA-000.jpg
sp-3885,3885,رفرف داخلى خلفى,JOYRAID,801055,80105-H9A-000,80105-H9A-000,231.60659963184457,80105-H9A-000.jpg
sp-3886,3886,CENTER FENDER ASSY,JOYRAID,801045,8010B-H9A-900,8010B-H9A-900,575.9901030805007,8010B-H9A-900.jpg
sp-3887,3887,فبرة تحت الكرسى,JOYRAID,801525,80152-LVA-000,80152-LVA-000,641.3721220574157,80152-LVA-000.jpg
sp-3889,3889,LUGGAGE HOOK BK-001U,JOYRAID,8113215,81132-HY1-000-KA,81132-HY1-000-KA,424.13816681382315,81132-HY1-000-KA.jpg
sp-3890,3890,INNER BOX HOOK(BK-001U),JOYRAID,811345,81134-A1A-010-KA,81134-A1A-010-KA,142.52713823498127,81134-A1A-010-KA.jpg
sp-3891,3891,COIN BOX LID SPRING,JOYRAID,811535,81153-HMA-0100,81153-HMA-0100,8.893693425862837,81153-HMA-0100.jpg
sp-3892,3892,حامل بضائع خلفى,JOYRAID,812005ip,81200-LVA-000-IP,81200-LVA-000-IP,3916.6457586972865,81200-LVA-000-IP.jpg
sp-3893,3893,حامل بضائع خلفى,JOYRAID,812005il,81200-LVG-000-IL,81200-LVG-000-IL,3916.6457586972865,81200-LVG-000-IL.jpg
sp-3894,3894,حوض فبر داخلي,JOYRAID,812615,8126A-LVA-000-KA,8126A-LVA-000-KA,2565.488488229663,8126A-LVA-000-KA.jpg
sp-3895,3895,جنب فبر سفلى يمين,JOYRAID,835005GI,83500-LVA-000-GI,83500-LVA-000-SO,2137.907073524719,83500-LVA-000-GI.jpg
sp-3896,3896,جنب فبر سفلى يمين,JOYRAID,835005IL,83500-LVA-000-IL,83500-LVA-000-IL,2137.907073524719,83500-LVA-000-IL.jpg
sp-3897,3897,جنب فبر سفلى يمين,JOYRAID,835005IP,83500-LVA-000-IP,83500-LVA-000-IP,2137.907073524719,83500-LVA-000-IP.jpg
sp-3898,3898,جنب فبر سفلى يمين,JOYRAID,835005JG,83500-LVA-000-JG,83500-LVA-000-JG,2137.907073524719,83500-LVA-000-JG.jpg
sp-3899,3899,جنب فبر سفلى يمين,JOYRAID,835005jH,83500-LVA-000-jH,83500-LVA-000-jH,2137.907073524719,83500-LVA-000-jH.jpg
sp-3900,3900,جنب فبر سفلى يمين,JOYRAID,835005QU,83500-LVA-000-QU,83500-LVA-000-QU,2137.907073524719,83500-LVA-000-QU.jpg
sp-3901,3901,جنب اسفل الدواسة يمين,JOYRAID,835205GH,8352G-LVA-0000-GH,83501-LVA-000,1186.5384258062195,8352G-LVA-0000-GH.jpg
sp-3902,3902,جنب اسفل الدواسة يمين,JOYRAID,835205GI,8352G-LVA-0000-GI1,83501-LVA-000,1186.5384258062195,8352G-LVA-0000-GI1.jpg
sp-3903,3903,جنب اسفل الدواسة يمين,JOYRAID,835205IL,8352G-LVA-0000-IL,83501-LVA-000,1186.5384258062195,8352G-LVA-0000-IL.jpg
sp-3904,3904,جنب اسفل الدواسة يمين,JOYRAID,835205IP,8352G-LVA-0000-IP,83501-LVA-000,1186.5384258062195,8352G-LVA-0000-IP.jpg
sp-3905,3905,جنب اسفل الدواسة يمين,JOYRAID,835205JG,8352G-LVA-0000-JG,83501-LVA-000,1186.5384258062195,8352G-LVA-0000-JG.jpg
sp-3906,3906,جنب اسفل الدواسة يمين,JOYRAID,835205QU,8352G-LVA-0000-QU,83501-LVA-000,1186.5384258062195,8352G-LVA-0000-QU.jpg
sp-3907,3907,جنب فبر سفلى شمال,JOYRAID,836005GI,83600-LVA-000-GI,83600-LVA-000-SO,2137.907073524719,83600-LVA-000-GI.jpg
sp-3908,3908,جنب فبر سفلى شمال,JOYRAID,836005IL,83600-LVA-000-IL,83600-LVA-000-IL,2137.907073524719,83600-LVA-000-IL.jpg
sp-3909,3909,جنب فبر سفلى شمال,JOYRAID,836005IP,83600-LVA-000-IP,83600-LVA-000-IP,2137.907073524719,83600-LVA-000-IP.jpg
sp-3910,3910,جنب فبر سفلى شمال,JOYRAID,836005JG,83600-LVA-000-JG,83600-LVA-000-JG,2137.907073524719,83600-LVA-000-JG.jpg
sp-3911,3911,جنب فبر سفلى شمال,JOYRAID,836005jH,83600-LVA-000-jh,83600-LVA-000-jh,2137.907073524719,83600-LVA-000-jh.jpg
sp-3912,3912,جنب فبر سفلى شمال,JOYRAID,836005QU,83600-LVA-000-QU,83600-LVA-000-QU,2137.907073524719,83600-LVA-000-QU.jpg
sp-3913,3913,جنب اسفل الدواسه شمال,JOYRAID,836205GH,8362G-LVA-0000-GH,83601-LVA-000,1186.5384258062195,8362G-LVA-0000-GH.jpg
sp-3914,3914,جنب اسفل الدواسه شمال,JOYRAID,836205GI,8362G-LVA-0000-GI1,83601-LVA-000,1186.5384258062195,8362G-LVA-0000-GI1.jpg
sp-3915,3915,جنب خلفى علوي شمال,JOYRAID,836205IL,8362G-LVA-0000-IL,83601-LVA-000,1186.5384258062195,8362G-LVA-0000-IL.jpg
sp-3916,3916,جنب اسفل الدواسه شمال,JOYRAID,836205IP,8362G-LVA-0000-IP,83601-LVA-000,1186.5384258062195,8362G-LVA-0000-IP.jpg
sp-3917,3917,جنب اسفل الدواسه شمال,JOYRAID,836205JG,8362G-LVA-0000-JG,83601-LVA-000,1186.5384258062195,8362G-LVA-0000-JG.jpg
sp-3918,3918,جنب اسفل الدواسه شمال,JOYRAID,836205QU,8362G-LVA-0000-QU,83601-LVA-000,1186.5384258062195,8362G-LVA-0000-QU.jpg
sp-3919,3919,SYM STRIPE TYPE3,JOYRAID,871235,87123-HWA-000-T3,87123-HWA-000-T3,35.57477370345135,87123-HWA-000-T3.jpg
sp-3921,3921,مراية يمين,JOYRAID,881105,88110-LVA-000,88110-LVA-000,876.5419001451348,88110-LVA-000.jpg
sp-3922,3922,مراية شمال,JOYRAID,881205,88120-LVA-000,88120-LVA-000,876.5419001451348,88120-LVA-000.jpg
sp-3927,3927,مسمار تاكيهات,JOYRAID,900125,90012-M9Q-000,90012-M9Q-000,53.36216055517699,90012-M9Q-000.jpg
sp-3928,3928,جاويط راس سلندر A,JOYRAID,900315,90031-HLK-000,90031-HLK-000,53.36216055517699,90031-HLK-000.jpg
sp-3929,3929,جاويط راس سلندر B,JOYRAID,900325,90032-HLK-000,90032-HLK-000,141.37938893794112,90032-HLK-000.jpg
sp-3930,3930,مسمار ترس كامة 6MM,JOYRAID,900835,90083-X01-000,90083-X01-000,13.340540138794248,90083-X01-000.jpg
sp-3940,3940,وردة 12.2X29X2.5,JOYRAID,904415,90441-KV7-900,90441-KV7-900,53.36216055517699,90441-KV7-900.jpg
sp-3948,3948,بلية كرانك 28X2JR2V4,JOYRAID,9100255,91002-H9A-000,91002-H9A-000,1240.996858455261,91002-H9A-000.jpg
sp-3950,3950,تيلة بلية بندكس  10.2*11.5,JOYRAID,911015,91101-377-000,91101-377-000,35.57477370345135,91101-377-000.jpg
sp-3955,3955,OIL SEAL 25X40X8,JOYRAID,912615,91261-415-003,91261-415-003,136.8260527055821,91261-415-003.jpg
sp-3957,3957,O-RING 19.8X2.4,JOYRAID,913115,91301-H9A-000,91301-H9A-000,62.255853981039834,91301-H9A-000.jpg
sp-3959,3959,O-RING A.C.G. CAP ASSY 14MM,JOYRAID,913035,91303-M2Q-000,91303-M2Q-000,44.46846712931416,91303-M2Q-000.jpg
sp-3962,3962,بنز جوان وش زيت صفيح  5X12,JOYRAID,930125,93500-05012-0H,93500-05012-0H,13.340540138794248,93500-05012-0H.jpg
sp-3963,3963,مسمار ملف كهرباء 5*16,JOYRAID,935015,93500-05016-0H,93500-05016-0H,13.340540138794248,93500-05016-0H.jpg
sp-3964,3964,مسمار ملف كهرباء 5*35,JOYRAID,935035,93500-05035-0H,93500-05035-0H,13.340540138794248,93500-05035-0H.jpg
sp-3970,3970,خرطوم تنك ينزين,JOYRAID,950015,95001-55990-40,95001-55990-40,265.35702596588817,95001-55990-40.jpg
sp-3979,3979,جاويط غطاء كرتيرا يمين,JOYRAID,962515,96001-06125-00,96001-06125-00,62.255853981039834,96001-06125-00.jpg
sp-3983,3983,RADIAL BALL BEARING6004LLU,JOYRAID,961505,96150-60043-10,96150-60043-10,461.7879278813394,96150-60043-10.jpg
sp-3984,3984,ظرف بلى  6,JOYRAID,962115,96211-05000,96211-05000,102.27747439742258,96211-05000.jpg
sp-3985,3985,ظرف بلى  7,JOYRAID,9621155,96211-06000,96211-06000,13.340540138794248,96211-06000.jpg
sp-3986,3986,تيلة كرانك  2X11.8,JOYRAID,962205,96220-20118,96220-20118,32.6743476656575,96220-20118.jpg
sp-3988,3988,MECHANICAL SEAL,max 400,19217max,19217-H9A-300,19217-H9A-300,2222.7660000000005,19217-H9A-300.jpg
sp-3992,3992,HAZZARD CONTROL UNIT ASSY,max 400,387219,3872A-L3D-000,3872A-L3D-000,3997.886227491224,3872A-L3D-000.jpg
sp-3996,3996,بطاريه (ضمان شهر او 300 كيلو ايهما اقرب ),MAX 500,3150016,31500-MAX-500,31500-MAX-500,3817.6912027227127,31500-MAX-500.jpg
sp-4007,4007,CYL. HEAD COMP.,NEW x wolf,1220C22,1220C-N7R-0101-K1,1220C-N7R-0101-K1,5108.142,1220C-N7R-0101-K1.jpg
sp-4014,4014,CARBURETOR,NEW x wolf,1610022,16100-N21-0000,16100-N21-0000,1141.4779999999998,16100-N21-0000.jpg
sp-4026,4026,FUEL TANK CENTER CUSHION,NEW x wolf,1750822,17508-B3G-0000,17508-B3G-0000,40.69,17508-B3G-0000.jpg
sp-4034,4034,THROTTLE CABLE COMP.,NEW x wolf,1791022,17910-N8J-0002,17910-N8J-0002,168.81799999999998,17910-N8J-0002.jpg
sp-4035,4035,MUFFLER ASS’Y,NEW x wolf,1800022,18000-NGC-0004,18000-NGC-0004,2793.8819999999996,18000-NGC-0004.jpg
sp-4040,4040,MAIN SHAFT ASS'Y,NEW x wolf,2321A22,2321A-N4C-0000,2321A-N4C-0000,607.074,2321A-N4C-0000.jpg
sp-4068,4068,FRAME CLAMP,NEW x wolf,3726922,37269-B1F-A000,37269-B1F-A000,16.278080000000003,37269-B1F-A000.jpg
sp-4071,4071,DRIVE CHAIN 428*114,NEW x wolf,4053022,40530-N8A-0000,40530-N8A-0000,355.524,40530-N8A-0000.jpg
sp-4073,4073,RR WHEEL DAMPER,NEW x wolf,4124122,41241-B3G-A000,41241-B3G-A000,139.75,41241-B3G-A000.jpg
sp-4078,4078,RR. TIRE SET,NEW x wolf,4271022,42710-N23-0000,42710-N23-0000,1670.292,42710-N23-0000.jpg
sp-4082,4082,FR. TIRE SET,NEW x wolf,4471022,44710-N23-0000,44710-N23-0000,1425.4499999999998,44710-N23-0000.jpg
sp-4089,4089,RR. BRAKE PEDAL COMP.,NEW x wolf,4650022,46500-N8G-0002,46500-N8G-0002,418.132,46500-N8G-0002.jpg
sp-4090,4090,FRAME BODY COMP,NEW x wolf,5010022,50100-N6W-0001,50100-N6W-0001,5546.397999999999,50100-N6W-0001.jpg
sp-4098,4098,MAIN STAND COMP,NEW x wolf,5050022,50500-N21-0001,50500-N21-0001,527.6959999999999,50500-N21-0001.jpg
sp-4102,4102,R PILLON STEP BAR RUBBER,NEW x wolf,5061022N,50610-NBC-0101,50610-NBC-0101,126.33399999999997,50610-NBC-0101.jpg
sp-4103,4103,L PILLON STEP BAR RUBBER,NEW x wolf,5061122,50611-NBC-0101,50611-NBC-0101,126.33399999999997,50611-NBC-0101.jpg
sp-4112,4112,RR FORK ASS’Y,NEW x wolf,5210A22,5210A-N6J-9000,5210A-N6J-9000,1119.118,5210A-N6J-9000.jpg
sp-4123,4123,STEERING STEM.,NEW x wolf,5320022,53200-N6U-0001,53200-N6U-0001,614.9,53200-N6U-0001.jpg
sp-4130,4130,DOUBLE SEAT,NEW x wolf,7720022,77200-N6P-0107,77200-N6P-0107,1598.74,77200-N6P-0107.jpg
sp-4187,4187,AIR cleaner ASSY.,NEW-ST,1720016,17200-XMK-0000,17200-XMK-0000,953.7,17200-XMK-0000.jpg
sp-4374,4374,عداد ABS,NH X ABS,3720019s,3720A-NHB-9000-c,3720A-NHB-9000-c,4691.3671875,3720A-NHB-9000-c.jpg
sp-4377,4377,نص كرتيرا شمال كاملة,NHX,1120c19,1120C-NH5-0000,1120C-NH5-0000,4210.387999999999,1120C-NH5-0000.jpg
sp-4392,4392,R. FUEL TANK STRIPE(RED),NHX,1751519T1,17515-NHB-0000-T1,17515-NHB-0000-T1,57.33,17515-NHB-0000-T1.jpg
sp-4393,4393,R. FUEL TANK STRIPE(BULE),NHX,1751519T2,17515-NHB-0000-T2,17515-NHB-0000-T2,57.33,17515-NHB-0000-T2.jpg
sp-4395,4395,L. FUEL TANK STRIPE(RED),NHX,1751619T1B,17516-NHB-0000-T1,17516-NHB-0000-T1,57.33,17516-NHB-0000-T1.jpg
sp-4396,4396,L. FUEL TANK STRIPE(BULE),NHX,1751619T2,17516-NHB-0000-T2,17516-NHB-0000-T2,57.33,17516-NHB-0000-T2.jpg
sp-4419,4419,جنط خلفي,NHX,4260119bp,42601-NHA-0001-BP,42601-NHA-0001-BP,3923.0620000000004,42601-NHA-0001-BP.jpg
sp-4420,4420,جنط خلفي,NHX,4260119k,42601-NHA-0001-k,42601-NHA-0001-k,3923.0620000000004,42601-NHA-0001-k.jpg
sp-4421,4421,RR WHEEL ASSY(R-086),NHX,4260119RI,42601-NHA-0001-RI,42601-NHA-0001-RI,3923.0620000000004,42601-NHA-0001-RI.jpg
sp-4430,4430,RR. CALIPER ASSY,NHX,4310019,43100-VF3-0000-K,43100-VF3-0000-K,1220.9962092391304,43100-VF3-0000-K.jpg
sp-4431,4431,PAD COMP.,NHX,4311319,43113-NHA-000-A-9,43113-NHA-000-A-9,279.0703125,43113-NHA-000-A-9.jpg
sp-4434,4434,جنط امامي كامل,NHX,4460119bp,44601-NHA-0000-BP,44601-NHA-0000-BP,3407.0701988636365,44601-NHA-0000-BP.jpg
sp-4435,4435,جنط امامي كامل,NHX,4460119k,44601-NHA-0000-k,44601-NHA-0000-k,3407.0701988636365,44601-NHA-0000-k.jpg
sp-4436,4436,FR casting wheel COMP(MT3.0X17)(R-086),NHX,4460119RI,44601-NHA-0000-RI,44601-NHA-0000-RI,3408.438697916667,44601-NHA-0000-RI.jpg
sp-4439,4439,PAD COMP.,NHX,4510519,45105-NHA-000-A-9,45105-NHA-000-A-9,279.0703125,45105-NHA-000-A-9.jpg
sp-4442,4442,FR. BRAKE HOSE ASS&amp;amp;amp;amp;amp;apos;Y,NHX,4512619,45126-NHA-0003,45126-NHA-0003,731.5546875,45126-NHA-0003.jpg
sp-4445,4445,خوصة طقم فرامل امامي ABS,NHX,4551719,45517-NHA-0001,45517-NHA-0001,97.5,45517-NHA-0001.jpg
sp-4450,4450,حمالة جنب,NHX,5053019,50530-NHA-0001,50530-NHA-0001,303.1875,50530-NHA-0001.jpg
sp-4460,4460,REAR FORK ASSY.,NHX,5210a19,5210A-NHA-0005,5210A-NHA-0005,3596.90625,5210A-NHA-0005.jpg
sp-4484,4484,R. SIDE COVER(BK-007U),NHX,8352019kc,83520-NHA-0001-KC,83520-NHA-0001-KC,633.9375,83520-NHA-0001-KC.jpg
sp-4493,4493,R.SIDE COVER STRIPE B(RED),NHX,8354519T1,83545-NHB-0000-T1,83545-NHB-0000-T1,51.358124999999994,83545-NHB-0000-T1.jpg
sp-4494,4494,R.SIDE COVER STRIPE B（BULE WHITE）,NHX,8354519T2,83545-NHB-0000-T2,83545-NHB-0000-T2,51.358124999999994,83545-NHB-0000-T2.jpg
sp-4497,4497,L.SIDE COVER STRIPE B(RED),NHX,8354619T1,83546-NHB-0000-T1,83546-NHB-0000-T1,51.358124999999994,83546-NHB-0000-T1.jpg
sp-4498,4498,L.SIDE COVER STRIPE B（BULE WHITE）,NHX,8354619T2,83546-NHB-0000-T2,83546-NHB-0000-T2,51.358124999999994,83546-NHB-0000-T2.jpg
sp-4501,4501,L. SIDE COVER(BK-007U),NHX,8362019kc,83620-NHA-0002-KC,83620-NHA-0002-KC,633.9375,83620-NHA-0002-KC.jpg
sp-4519,4519,نص كراتيرا يمين كاملة,orbit2,1110A12,1110A-A2E-0000,1110A-A2E-0000,1432.3977392615618,1110A-A2E-0000.jpg
sp-4521,4521,نص كراتيرا شمال,orbit2,1120A12,1120A-A2E-0000,1120A-A2E-0000,3320.035931034483,1120A-A2E-0000.jpg
sp-4527,4527,سلندر كامل,orbit2,1210A12,1210A-A2E-0000,1210A-GY6-900E,2062.5,1210A-A2E-0000.jpg
sp-4528,4528,راس سلندر كاملة,orbit2,1220A12,1220A-A2C-0008,1220A-H12-0008,2681.9830603448277,1220A-A2C-0008.jpg
sp-4551,4551,نص كرتيرا وسط كاملة,orbit2,2120A12,2120A-A2E-0000,2120A-A2E-0000,1902.7372954370003,2120A-A2E-0000.jpg
sp-4563,4563,فيشة موبينة بوجية,orbit2,3070012,30700-T3D-0000,30700-T3D-0000,88.38374999999999,30700-T3D-0000.jpg
sp-4568,4568,ضفيرة,orbit2,3210012,32100-ABA-0101,32100-ABA-0101,739.8187499999999,32100-ABA-0101.jpg
sp-4569,4569,فانوس امامي,orbit2,3310012,33100-ABA-0001,33100-ABA-0001,1881.25,33100-ABA-0001.jpg
sp-4570,4570,اشارة امامي يمين,orbit2,3340012,33400-ABF-0000-C,33400-ABF-0000-C,325.0,33400-ABF-0000-C.jpg
sp-4571,4571,اشارة امامي شمال,orbit2,3345012,33450-ABF-0000-C,33450-ABF-0000-C,325.0,33450-ABF-0000-C.jpg
sp-4584,4584,عداد,orbit2,3720012,37200-ABS-0000-C,37200-ABS-0000-C,1493.75,37200-ABS-0000-C.jpg
sp-4585,4585,باغة عداد,orbit2,3720412,37204-ABA-0000,37204-ABA-0000,114.1122191780822,37204-ABA-0000.jpg
sp-4586,4586,ماكنة اشارات,orbit2,3830012,38300-KAA-A000,38300-KAA-A000,306.2125,38300-KAA-A000.jpg
sp-4599,4599,شاسية,orbit2,5010012,50100-A2P-0004,50100-A2P-0004,7500.0,50100-A2P-0004.jpg
sp-4613,4613,جادون,orbit2,5310012,53100-A2E-0000,53100-ABA-1002,960.1796202526837,53100-A2E-0000.jpg
sp-4614,4614,جادون كامل,orbit2,5310112,5310T-A2E-0000,5310T-A2E-0000,6050.277018074958,5310T-A2E-0000.jpg
sp-4616,4616,وش فانوس امامي,orbit2,5320512AM,53205-ABA-0000-AM,53205-ABA-0000-AM,956.25,53205-ABA-0000-AM.jpg
sp-4617,4617,وش فانوس امامي,orbit2,5320512AN,53205-ABA-0000-AN,53205-ABA-0000-AN,956.25,53205-ABA-0000-AN.jpg
sp-4618,4618,وش فانوس امامي,orbit2,5320512BA,53205-ABA-0000-BA,53205-ABA-0000-BA,956.25,53205-ABA-0000-BA.jpg
sp-4619,4619,وش فانوس امامي,orbit2,5320512kg,53205-ABA-0000-KG,53205-ABA-0000-KG,956.25,53205-ABA-0000-KG.jpg
sp-4620,4620,وش فانوس امامي,orbit2,5320512KH,53205-ABA-0000-KH,53205-ABA-0000-KH,956.25,53205-ABA-0000-KH.jpg
sp-4621,4621,وش فانوس امامي,orbit2,5320512rd,53205-ABA-0000-RD,53205-ABA-0000-RD,956.25,53205-ABA-0000-RD.jpg
sp-4622,4622,وش فانوس امامي,orbit2,5320512wd,53205-ABA-0000-WD,53205-ABA-0000-WD,956.25,53205-ABA-0000-WD.jpg
sp-4627,4627,حلية اسكرنية,orbit2,5328012,53280-ABA-0000,53280-ABA-0000,65.0,53280-ABA-0000.jpg
sp-4635,4635,وش امامي,orbit2,6430112AM,6430A-A2S-0000-AM,6430A-A2S-0000-AM,2025.6255172413794,6430A-A2S-0000-AM.jpg
sp-4636,4636,وش امامي,orbit2,6430112AN,6430A-ABF-0002-AN,6430A-ABF-0002-AN,2025.6255172413794,6430A-ABF-0002-AN.jpg
sp-4637,4637,وش امامي,orbit2,6430112BA,6430A-ABF-0002-BA,6430A-ABF-0002-BA,2025.6255172413794,6430A-ABF-0002-BA.jpg
sp-4638,4638,وش امامي,orbit2,6430112kg,6430A-ABF-0002-KG,6430A-ABF-0002-KG,2025.6255172413794,6430A-ABF-0002-KG.jpg
sp-4639,4639,وش امامي,orbit2,6430112KH,6430A-ABF-0002-KH,6430A-ABF-0002-KH,2025.6255172413794,6430A-ABF-0002-KH.jpg
sp-4640,4640,وش امامي,orbit2,6430112rd,6430A-ABF-0002-RD,6430A-ABF-0002-RD,2025.6255172413794,6430A-ABF-0002-RD.jpg
sp-4641,4641,وش امامي,orbit2,6430112wd,6430A-ABF-0002-WD,6430A-ABF-0002-WD,2025.6255172413794,6430A-ABF-0002-WD.jpg
sp-4642,4642,دواسة رجل,orbit2,6431012,64310-ABF-0002,64310-ABF-0002,702.6690109557367,64310-ABF-0002.jpg
sp-4643,4643,شلتة,orbit2,7720012,77200-AEV-0000-C,77200-AEV-0000-C,1134.87333217813,77200-AEV-0000-C.jpg
sp-4654,4654,قاعدة قفل كرسي,orbit2,8120512,81205-ALA-0000,81205-ALA-0000,155.0390625,81205-ALA-0000.jpg
sp-4674,4674,Nut muffler joint M7,orbit2,9004312,90043-XB1-0000,90301-VIF-A0000,35.57477370345135,90043-XB1-0000.jpg
sp-4675,4675,مسمار حامل ماتور  10*184,orbit2,9010512,90105-T3D-0000,90105-T3D-0000,58.5,90105-T3D-0000.jpg
sp-4684,4684,نص كراتيرا يمين بالجلب,S  150,1110A1,1110A-A6F-0000,1110A-A6F-0000,1568.26192068,1110A-A6F-0000.jpg
sp-4687,4687,غطاء كرتيرا شمال كاملة,S  150,1120A1,1120A-A6F-0000,1120A-A6F-0000,4875.686099549999,1120A-A6F-0000.jpg
sp-4694,4694,مشبك سلك بنزين,S  150,113831,11381-ARA-0000,11381-ARA-0000,8.893693425862837,11381-ARA-0000.jpg
sp-4698,4698,موتور كامل,S  150,11A201,11A20-APA-000,11A20-APA-000,30158.883089999996,11A20-APA-000.jpg
sp-4699,4699,سلندر,S  150,121011,12101-H7C-0000,12101-H7C-0000,1412.02885331277,12101-H7C-0000.jpg
sp-4700,4700,سلندر كامل,S  150,1210A1,1210A-A6F-0000,1210A-A6F-0000,1981.1997429681003,1210A-A6F-0000.jpg
sp-4711,4711,بستم - سلندر,S  150,131011,13101-A6A-0003,13101-A6A-0003,300.36875,13101-A6A-0003.jpg
sp-4729,4729,كربراتير,S  150,161001,16100-Z7A-0001,16100-Z7A-0001,2790.9749999999995,16100-Z7A-0001.jpg
sp-4730,4730,بك اصلاح كربرتير,S  150,161011,16101-AMA-0000,16101-AMA-0000,478.89118446953717,16101-AMA-0000.jpg
sp-4731,4731,ملحقات كاربراتير 1-1,S  150,161221,16122-Z7A-0000,16122-Z7A-0000,96.02450000000002,16122-Z7A-0000.jpg
sp-4732,4732,ملحقات كاربراتير 2-1,S  150,161421,16142-Z7A-0000,16142-Z7A-0000,260.82466297001577,16142-Z7A-0000.jpg
sp-4733,4733,ملحقات كاربراتير 3-1,S  150,161451,16145-Z7A-0000,16145-Z7A-0000,57.8090072681084,16145-Z7A-0000.jpg
sp-4736,4736,HEATER,S  150,161981,16198-Z7A-0000,16198-Z7A-0000,196.68745076427422,16198-Z7A-0000.jpg
sp-4771,4771,ترس فلام,S  150,281101,28110-M9Q-0002,28110-M9Q-0002,196.34999999999997,28110-M9Q-0002.jpg
sp-4781,4781,فيشة موبينة بوجية,S  150,307001,30700-M7Q-0000,30700-M7Q-0000,235.16977808771912,30700-M7Q-0000.jpg
sp-4783,4783,ملف كهرباء,S  150,311201,31120- Z7A-0000,31120- Z7A-0000,951.5246849686764,31120- Z7A-0000.jpg
sp-4786,4786,ضفيرة,S  150,321001,32100-ARB-0201,32100-A6B-0000,1249.583056029,32100-ARB-0201.jpg
sp-4788,4788,فانوس امامي,S  150,331001,33100-APA-0100,33100-APA-0100,1121.8086956521738,33100-APA-0100.jpg
sp-4789,4789,طقم اشارة امامي,S  150,334001,3340A-APA-0000,3340A-APA-0000,508.3303871925972,3340A-APA-0000.jpg
sp-4790,4790,فانوس خلفي,S  150,337001,33700-APA-0100,33700-APA-0200,1568.75,33700-APA-0100.jpg
sp-4791,4791,باغة فانوس خلفي,S  150,337011,33701-APA-0000,33701-APA-0000,649.5332725238743,33701-APA-0000.jpg
sp-4797,4797,مفتاح مارش,S  150,351601,35160-M9Q-0002,35160-M9Q-0002,71.5,35160-M9Q-0002.jpg
sp-4807,4807,عداد,S  150,372001,37200-A6G-0100,37200-ARK-0001,3581.25,37200-A6G-0100.jpg
sp-4808,4808,باغة عداد,S  150,372041,37204-ARB-0000,37204-ARB-0000,128.27442441148318,37204-ARB-0000.jpg
sp-4812,4812,جنط خلفي,S  150,426011,42601-A6A-0001,42601-X5k-0000,3506.25,42601-A6A-0001.jpg
sp-4819,4819,جنط امامي,S  150,446011,44601-APG-0000,44601-APG-0000,3786.75,44601-APG-0000.jpg
sp-4834,4834,مسمار رقبة بالصامولة,S  150,505011,50501-APA-000,50501-APA-000,102.79570052116966,50501-APA-000.jpg
sp-4864,4864,رفرف امامى,S  150,611011,61101-APG-0000,61101-APG-0000-AG,1034.7421875,61101-APG-0000.jpg
sp-4865,4865,رفرف امامى,S  150,611011ad,61101-APG-0000-ad,61101-APG-0000-ad,1034.7421875,61101-APG-0000-ad.jpg
sp-4866,4866,رفرف امامى,S  150,611011ag,61101-APG-0000-AG,61101-APG-0000-AG,1034.7421875,61101-APG-0000-AG.jpg
sp-4867,4867,رفرف امامى,S  150,611011ba,61101-APG-0000-BA,61101-APG-0000-BA,1034.7421875,61101-APG-0000-BA.jpg
sp-4868,4868,رفرف امامى,S  150,611011BV,61101-APG-0000-BV,61101-APG-0000-BV,1034.7421875,61101-APG-0000-BV.jpg
sp-4869,4869,رفرف امامى,S  150,611011kg,61101-APG-0000-kg,61101-APG-0000-kg,1034.7421875,61101-APG-0000-kg.jpg
sp-4870,4870,رفرف امامى,S  150,611011rd,61101-APG-0000-rd,61101-APG-0000-rd,1034.7421875,61101-APG-0000-rd.jpg
sp-4871,4871,رفرف امامى,S  150,611011wa,61101-APG-0000-wa,61101-APG-0000-wa,1034.7421875,61101-APG-0000-wa.jpg
sp-4873,4873,غطاء وش امامي,S  150,643021,64302-AR1-0000,64302-AR1-0000,997.6899676448693,64302-AR1-0000.jpg
sp-4890,4890,غطاء وش اما مي ( 2قطعه ),S  150,643111,6430B-AR1-0002,6430B-AR1-0002,1292.4171641791045,6430B-AR1-0002.jpg
sp-4892,4892,شلتة,S  150,772001,77200-APA-0100,77200-APA-0100,1906.25,77200-APA-0100.jpg
sp-4896,4896,رفرف خلفى,S  150,801001,80100-APA-0000,80100-APA-0000,175.23716870652464,80100-APA-0000.jpg
sp-4901,4901,حامل بضائع خلفى,S  150,812001,81200-APA-0000,81200-APA-0000,1609.712892776558,81200-APA-0000.jpg
sp-4903,4903,جنب فيبر خلفي كبير يمين,S  150,835001,8350A-APA-0000,8350A-APA-0001,1925.0,8350A-APA-0000.jpg
sp-4904,4904,جنب فيبر خلفي كبير يمين,S  150,835001ad,8350A-APA-0000-ad,8350A-APA-0000-ad,1925.0,8350A-APA-0000-ad.jpg
sp-4905,4905,جنب فيبر خلفي كبير يمين,S  150,835001ag,8350A-APA-0000-ag,8350A-APA-0000-ag,1925.0,8350A-APA-0000-ag.jpg
sp-4906,4906,جنب فيبر خلفي كبيريمين,S  150,835001an,8350A-APA-0000-an,8350A-APA-0000-AN,1925.0,8350A-APA-0000-an.jpg
sp-4907,4907,جنب فيبر خلفي كبير يمين,S  150,835001BA,8350A-APA-0000-BA,8350A-APA-0000-BA,1925.0,8350A-APA-0000-BA.jpg
sp-4908,4908,جنب فيبر خلفي كبير يمين,S  150,835001BV,8350A-APA-0000-BV,8350A-APA-0000-BV,1925.0,8350A-APA-0000-BV.jpg
sp-4909,4909,جنب فيبر خلفي كبير يمين,S  150,835001kg,8350A-APA-0000-kg,8350A-APA-0000-kg,1925.0,8350A-APA-0000-kg.jpg
sp-4910,4910,جنب فيبر خلفي كبير يمين,S  150,835001rd,8350A-APA-0000-rd,8350A-APA-0000-rd,1925.0,8350A-APA-0000-rd.jpg
sp-4911,4911,جنب فيبر خلفي كبير يمين,S  150,835001wa,8350A-APA-0000-wa,8350A-APA-0000-wa,1925.0,8350A-APA-0000-wa.jpg
sp-4920,4920,جنب فيبر خلفي كبير شمال,S  150,836001,8360A-APA-0000,8360A-APA-0000-KG,1925.0,8360A-APA-0000.jpg
sp-4921,4921,جنب فيبر خلفي كبير شمال,S  150,836001ad,8360A-APA-0000-ad,8360A-APA-0000-ad,1925.0,8360A-APA-0000-ad.jpg
sp-4922,4922,جنب فيبر خلفي كبير شمال,S  150,836001ag,8360A-APA-0000-ag,8360A-APA-0000-ag,1925.0,8360A-APA-0000-ag.jpg
sp-4923,4923,جنب فيبر خلفي كبير شمال,S  150,836001an,8360A-APA-0000-an,8360A-APA-0000-wa,1925.0,8360A-APA-0000-an.jpg
sp-4924,4924,جنب فيبر خلفي كبير شمال,S  150,836001BA,8360A-APA-0000-BA,8360A-APA-0000-BA,1925.0,8360A-APA-0000-BA.jpg
sp-4925,4925,جنب فيبر خلفي كبير شمال,S  150,836001BV,8360A-APA-0000-BV,8360A-APA-0000-BV,1925.0,8360A-APA-0000-BV.jpg
sp-4926,4926,جنب فيبر خلفي كبير شمال,S  150,836001kg,8360A-APA-0000-KG,8360A-APA-0000-KG,1925.0,8360A-APA-0000-KG.jpg
sp-4927,4927,جنب فيبر خلفي كبير شمال,S  150,836001rd,8360A-APA-0000-rd,8360A-APA-0000-rd,1925.0,8360A-APA-0000-rd.jpg
sp-4928,4928,جنب فيبر خلفي كبير شمال,S  150,836001wa,8360A-APA-0000-wa,8360A-APA-0000-wa,1925.0,8360A-APA-0000-wa.jpg
sp-4938,4938,مراية يمين,S  150,881101,88110-APA-0002,88110-APA-0002-C,406.25,88110-APA-0002.jpg
sp-4939,4939,مراية شمال,S  150,881201,88120-APA-0002,88120-APA-0002-C,406.25,88120-APA-0002.jpg
sp-4940,4940,شنطة عدة,S  150,890101,89010-VIF-0000,89010-VIF-0000,53.36216055517699,89010-VIF-0000.jpg
sp-4942,4942,مسمار حامل ماتور  10*184,S  150,901151,90105-T3D-0000,90105-T3D-0000,58.5,90105-T3D-0000.jpg
sp-4947,4947,مسمار14مم وش زيت,S  150,945111,94511-14000,94511-14000,62.255853981039834,94511-14000.jpg
sp-4949,4949,"بلي (3.969MM 5/32"")",S  150,962111,96211-05000,96211-05000,13.340540138794248,96211-05000.jpg
sp-4955,4955,موتور كامل,SR 150,11A207,11A20-X3A-000,11A20-X3A-000,30158.883089999996,11A20-X3A-000.jpg
sp-5007,5007,ضفيرة عداد,SR 150,3720A7,3720A-X3A-0001,3720A-X3A-0001,427.581414704944,3720A-X3A-0001.jpg
sp-5008,5008,Speedometer cable,SR 150,372247,37224-X4D-0000,37224-X4D-0000,689.0625,37224-X4D-0000.jpg
sp-5011,5011,جنط خلفي,SR 150,426017,42601-X5k-0000,42601-X5k-0000,3924.6624999999995,42601-X5k-0000.jpg
sp-5012,5012,جنط خلفي كامل,SR 150,426007,4260A-X5A-0000,4260A-X5A-0000,6464.05394229,4260A-X5A-0000.jpg
sp-5021,5021,جنط امامي,SR 150,446017,44601-X3A-0000,44601-X3A-0000,4131.766983330001,44601-X3A-0000.jpg
sp-5088,5088,شلتة,SR 150,772007,77200-X3A-0000,77200-X3A-0000,1295.2251328671327,77200-X3A-0000.jpg
sp-5104,5104,جنب خلفى علوى يمين,SR 150,835007BA,8350A-X5E-0000-BA,8350A-X5E-0000-BA,1687.5,8350A-X5E-0000-BA.jpg
sp-5105,5105,جنب خلفى علوى يمين,SR 150,835007BV,8350A-X5E-0000-BV,8350A-X5E-0000-BV,1687.5,8350A-X5E-0000-BV.jpg
sp-5123,5123,جنب خلفى علوى شمال,SR 150,836007BV,8360A-X5E-0000-BV,8360A-X5E-0000-BV,1687.5,8360A-X5E-0000-BV.jpg
sp-5138,5138,علامه وش امامي ورق,SR 150,871237,87123-H85-0000,87123-H85-0000,62.255853981039834,87123-H85-0000.jpg
sp-5151,5151,جنب خلفى علوى يمين,SR150 / 200,835007Y,8350A-X5E-0000-Y,8350A-X5E-0000-Y,1687.5,8350A-X5E-0000-Y.jpg
sp-5153,5153,جنب خلفى علوى شمال,SR150 / 200,836007BA,8360A-X5E-0000-BA,8360A-X5E-0000-BA,1687.5,8360A-X5E-0000-BA.jpg
sp-5154,5154,جنب خلفى علوى شمال,SR150 / 200,836007Y,8360A-X5E-0000-Y,8360A-X5E-0000-Y,1687.5,8360A-X5E-0000-Y.jpg
sp-5163,5163,موتور كامل,ST,11A204,11A20-XPA-000,11A20-XPA-000,36038.9169,11A20-XPA-000.jpg
sp-5165,5165,سلندر كامل,ST,1210A4,1210A-XMA-0000,1210A-A6A-0002,2260.4026190890427,1210A-XMA-0000.jpg
sp-5174,5174,كرانك,ST,130004,13000-XPA-000,13000-XPA-000,2824.8820494300003,13000-XPA-000.jpg
sp-5194,5194,غطاء بك اصلاح كربرتير,ST,161114,16111-XPA-0001,16111-XPA-0001,44.46846712931416,16111-XPA-0001.jpg
sp-5206,5206,شكمان,ST,180004,18000-XSA-0000,18000-XSA-0000-K-C,3918.75,18000-XSA-0000.jpg
sp-5225,5225,ترس فلام,ST,281104,28110-M9Q-0002,28110-M9Q-0002,196.34999999999997,28110-M9Q-0002.jpg
sp-5237,5237,ضفيرة,ST,321004,32100-XSA-0004,32100-XSA-0004,1156.25,32100-XSA-0004.jpg
sp-5242,5242,مفتاح مارش,ST,351604,35160-M9Q-0002,35160-M9Q-0002,71.5,35160-M9Q-0002.jpg
sp-5248,5248,باغة عداد,ST,372044,37204-XPA-0000,37204-XPA-0000,422.75456278164927,37204-XPA-0000.jpg
sp-5251,5251,يو اس بي,ST,386504,38650-XRA-0000,38650-XRA-0000,508.3303871925972,38650-XRA-0000.jpg
sp-5260,5260,سلك عداد -سلك سرعة,ST,448304,44830-XPA-0002,44830-XPA-0002,171.11718749999997,44830-XPA-0002.jpg
sp-5267,5267,شاسية,ST,501004,50100-XRA-0007,50100-XRA-0007,10000.0,50100-XRA-0007.jpg
sp-5378,5378,جنب خلفى علوى يمين,ST,835004AD,8350A-XSA-0000-AD,8350A-XSA-0000-AD,1876.25,8350A-XSA-0000-AD.jpg
sp-5379,5379,جنب خلفى علوى يمين,ST,835004ag,8350A-XSA-0000-AG,8350A-XSA-0000-AG,1876.25,8350A-XSA-0000-AG.jpg
sp-5380,5380,جنب خلفى علوى يمين,ST,835004BA,8350A-XSA-0000-BA,8350A-XSA-0000-BA,1876.25,8350A-XSA-0000-BA.jpg
sp-5381,5381,جنب خلفى علوى يمين,ST,835004k,8350A-XSA-0000-K,8350A-XSA-0000-K,1876.25,8350A-XSA-0000-K.jpg
sp-5382,5382,جنب خلفى علوى يمين,ST,835004kh,8350A-XSA-0000-KH,8350A-XSA-0000-KH,1876.25,8350A-XSA-0000-KH.jpg
sp-5383,5383,جنب خلفى علوى يمين,ST,835004RD,8350A-XSA-0000-RI,8350A-XSA-0000-RI,1876.25,8350A-XSA-0000-RI.jpg
sp-5384,5384,جنب خلفى علوى يمين,ST,835004wa,8350A-XSA-0000-WA,8350A-XSA-0000-WA,1876.25,8350A-XSA-0000-WA.jpg
sp-5399,5399,جنب خلفى علوى شمال,ST,836004AD,8360A-XSA-0000-AD,8360A-XSA-0000-AD,1876.25,8360A-XSA-0000-AD.jpg
sp-5400,5400,جنب خلفى علوى شمال,ST,836004ag,8360A-XSA-0000-AG,8360A-XSA-0000-AG,1876.25,8360A-XSA-0000-AG.jpg
sp-5401,5401,جنب خلفى علوى شمال,ST,836004BA,8360A-XSA-0000-BA,8360A-XSA-0000-BA,1876.25,8360A-XSA-0000-BA.jpg
sp-5402,5402,جنب خلفى علوى شمال,ST,836004k,8360A-XSA-0000-K,8360A-XSA-0000-K,1876.25,8360A-XSA-0000-K.jpg
sp-5403,5403,جنب خلفى علوى شمال,ST,836004kh,8360A-XSA-0000-KH,8360A-XSA-0000-KH,1876.25,8360A-XSA-0000-KH.jpg
sp-5404,5404,جنب خلفى علوى شمال,ST,836004rd,8360A-XSA-0000-rd,8360A-XSA-0000-rd,1876.25,8360A-XSA-0000-rd.jpg
sp-5405,5405,جنب خلفى علوى شمال,ST,836004wa,8360A-XSA-0000-WA,8360A-XSA-0000-WA,1876.25,8360A-XSA-0000-WA.jpg
sp-5432,5432,وردة طقم مروحة سحب   12MM,ST,904404,90440-M9Q-0000,90440-M9Q-0000,13.340540138794248,90440-M9Q-0000.jpg
sp-5446,5446,زيت sym,SYM,107,10 w 40,10 w 40,300.0,10 w 40.jpg
sp-5447,5447,بانر (SYM),SYM,100100,100100-SYM-000,100100-SYM-000,1283.6625939207001,100100-SYM-000.jpg
sp-5448,5448,عبوه مياه زرقاء تركيز 50%,SYM,113,113-113-0000,113-113-0000,197.36842105263162,113-113-0000.jpg
sp-5449,5449,جهاز كشف الأعطال (صيني),SYM,10000ch,SYM-DIAGNOST-ch,SYM-DIAGNOST-ch,43859.64912280702,SYM-DIAGNOST-ch.jpg
sp-5450,5450,جهاز كشف الأعطال (تيوان),SYM,10000,SYM-DIAGNOST-V91,SYM-DIAGNOST-V91,54824.56140350878,SYM-DIAGNOST-V91.jpg
sp-5451,5451,زيت فتيس,Universal,109,SYM,,125.0,SYM.jpg
sp-5452,5452,دق رقم ماتور,Universal,110,SYM,,540.0,SYM.jpg
sp-5453,5453,دق رقم شاسيه,Universal,111,SYM,,675.0,SYM.jpg
sp-5454,5454,مصنعيات (ع),Universal,112,SYM,,2000.0,SYM.jpg
sp-5455,5455,مياه نار تركيز 43,Universal,1080,SYM,,207.56379354608922,SYM.jpg
sp-5456,5456,مصنعيات,Universal,66666,SYM,,250.0,SYM.jpg
sp-5491,5491,اكس شواكيش,SYM NH T/NH,1445113,14451-VF3-0000,14451-VF3-0000,48.915313842245574,14451-VF3-0000.jpg
sp-5537,5537,غطاء تنك,SYM NH T/NH,1762013,17620-BBK,17620-BBK,513.0976976459327,17620-BBK.jpg
sp-5550,5550,MECHANICAL SEAL,SYM NH T/NH,1921713,19217-H9A-3000,19217-H9A-3000,491.7186269106856,19217-H9A-3000.jpg
sp-5552,5552,WATER PUMP SHAFT,SYM NH T/NH,1923113,19231-NHA-3001,19231-NHA-3001,77.90224,19231-NHA-3001.jpg
sp-5573,5573,COUNTER SHAFT ASSY.,SYM NH T/NH,2322013,2322A-VF5-0000,2322A-VF5-0000,1932.2386757495328,2322A-VF5-0000.jpg
sp-5574,5574,Sprocket drive 15T,SYM NH T/NH,2380113,23801-BHA-0001,23801-BHA-0001,104.6448,23801-BHA-0001.jpg
sp-5575,5575,Drive spr fixing plate,SYM NH T/NH,2381113,23811-KR3-6000-M1,23811-KR3-6000-M1,62.255853981039834,23811-KR3-6000-M1.jpg
sp-5612,5612,فانوس امامي,SYM NH T/NH,3310013,33100-NH1-0000,33100-NH1-0000,7173.106574828872,33100-NH1-0000.jpg
sp-5635,5635,وصله مقص,SYM NH T/NH,4054313,40543-NHA-0003,40543-NHA-0003,97.83062768449115,40543-NHA-0003.jpg
sp-5651,5651,RR. CALIPER ASSY,SYM NH T/NH,4310013,43100-BAA-0001-K,43100-BAA-0001-K,1308.3298620689654,43100-BAA-0001-K.jpg
sp-5668,5668,BRAKE SYSTEM ASS'Y,SYM NH T/NH,4500013,4500A-NH1-0006-K,4500A-NH1-0007-K,6946.024141693779,4500A-NH1-0006-K.jpg
sp-5676,5676,شاسية,SYM NH T/NH,5010013,50100-NH1,50100-NH1,10000.0,50100-NH1.jpg
sp-5677,5677,ساعة غيارات,SYM NH T/NH,501213,5012-5012,5012-5012,427.581414704944,5012-5012.jpg
sp-5678,5678,CLIP 2*70,SYM NH T/NH,5013013,50130-X04-0000,50130-X04-0000,17.787386851725675,50130-X04-0000.jpg
sp-5695,5695,حمالة الجنب,SYM NH T/NH,5053013,50530-NH1-0002,50530-NH1-0002,354.8925742051035,50530-NH1-0002.jpg
sp-5770,5770,جنب فبر سفلي يمين,SYM NH T/NH,8352013WA,83520-NHA-0001-WA,83520-NHA-0001-WA,573.6717313957998,83520-NHA-0001-WA.jpg
sp-5781,5781,جنب فبر سفلي شمال,SYM NH T/NH,8362013WA,83620-NHA-0002-WA,83620-NHA-0002-WA,573.6717313957998,83620-NHA-0002-WA.jpg
sp-5782,5782,فبرة خلفية فوق رفرف خلفي,SYM NH T/NH,8375013BP,83750-NH1-0000-BP,83750-NH1-0000-BP,318.14093356022613,83750-NH1-0000-BP.jpg
sp-5783,5783,فبرة خلفية فوق رفرف خلفي,SYM NH T/NH,8375013RD,83750-NH1-0000-RD,83750-NH1-0000-RD,318.14093356022613,83750-NH1-0000-RD.jpg
sp-5784,5784,فبرة خلفية فوق رفرف خلفي,SYM NH T/NH,8375013Y,83750-NH1-0000-Y,83750-NH1-0000-Y,318.14093356022613,83750-NH1-0000-Y.jpg
sp-5815,5815,نص كراتيرا يمين,SYM T1,1110010,11100-BBH-0000,11100-BBH-0000,1731.704729555023,11100-BBH-0000.jpg
sp-5816,5816,جوان نص  كرتيرا يمين,SYM T1,1119110,11191-NAA-0001,11191-BA1-0000,128.98037165209362,11191-NAA-0001.jpg
sp-5817,5817,نص كراتيرا شمال,SYM T1,1120010,11200-NAA-0001,11200-NAA-0001,2073.769861318978,11200-NAA-0001.jpg
sp-5818,5818,غطاء كرتيرا يمين ( وش الزيت ),SYM T1,1133010,11330-BBA-0101,11330-BBD-0200,825.2321303805417,11330-BBA-0101.jpg
sp-5819,5819,وش كهرباء,SYM T1,1134010,11340-NAA-0001,11340-NAA-0100,675.5786352338113,11340-NAA-0001.jpg
sp-5821,5821,جوان وش زيت,SYM T1,1139310,11393-NAA-0001,11393-NAA-0001,107.14174850831623,11393-NAA-0001.jpg
sp-5822,5822,جوان وش كهرباء,SYM T1,1139510,11395-D1A-0000,11395-D1A-0000,57.963125113747346,11395-D1A-0000.jpg
sp-5823,5823,سلندر,SYM T1,1210010,12100-NJA-0100-KC,12100-BBH-0000-KC,1619.9495780767745,12100-NJA-0100-KC.jpg
sp-5824,5824,سلندر كامل,SYM T1,1210A10,1210A-BBH-0000,1210A-BBH-0000,1966.8745076427424,1210A-BBH-0000.jpg
sp-5825,5825,جوان سلندر,SYM T1,1219110,12191-NAA-0000,12191-NAA-0000,17.470244593538304,12191-NAA-0000.jpg
sp-5826,5826,راس سلندر كاملة,SYM T1,1220110,1220A-NAA-0004-KC,1220A-NAA-0004,5515.800249693777,1220A-NAA-0004-KC.jpg
sp-5827,5827,جوان راس سلندر,SYM T1,1225110,12251-NBA-0000,12251-NBA-0000,101.2625625,12251-NBA-0000.jpg
sp-5830,5830,كرانك,SYM T1,1300010,13000-ND3-9000,13000-ND3-9000,2765.404151785714,13000-ND3-9000.jpg
sp-5834,5834,عمود قمرات,SYM T1,1330110,1330A-ND3-9000,1330A-ND3-9000,457.51211373429015,1330A-ND3-9000.jpg
sp-5835,5835,ترس قله الزيت 2-1,SYM T1,1333A10,13333-BBB-0000,13333-BBB-0000,718.3367767043059,13333-BBB-0000.jpg
sp-5836,5836,ترس,SYM T1,1333310,13333-BBB-0000,13333-BBB-0000,718.3367767043059,13333-BBB-0000.jpg
sp-5837,5837,وردة تحكم,SYM T1,1333510,13335-NAA-0101,13335-NAA-0101,66.70270069397125,13335-NAA-0101.jpg
sp-5838,5838,ترس قله الزيت 2-1,SYM T1,133A110,1333A-BBB-0000,1333A-BBB-0000,885.0935284392338,1333A-BBB-0000.jpg
sp-5839,5839,ترس قله الزيت,SYM T1,1333110,1333A-BBB-0000,1333A-BBB-0000,885.0935284392338,1333A-BBB-0000.jpg
sp-5840,5840,كامه,SYM T1,1410010,14100-ND3-9100,14100-ND3-9100,724.5042075892856,14100-ND3-9100.jpg
sp-5851,5851,طلمبة زيت,SYM T1,1510010,15100-NAA-0000,15100-NAA-0000,343.22599999999994,15100-NAA-0000.jpg
sp-5852,5852,جوان طلمبة زيت,SYM T1,1512610,15126-B8A-0000,15126-B8A-0000,48.915313842245574,15126-B8A-0000.jpg
sp-5856,5856,جوان ملحقات قله الزيت 5 -2,SYM T1,1545910,15459-107-0000,15459-107-0000,62.255853981039834,15459-107-0000.jpg
sp-5858,5858,كربراتير,SYM T1,1610010,16100-BBH-0000,16100-BBH-0000,1381.143125,16100-BBH-0000.jpg
sp-5859,5859,كوعه كرابرتير,SYM T1,1621010,16210-DR32-A001,16210-DR32-A001,128.95855467501113,16210-DR32-A001.jpg
sp-5862,5862,فلتر هواء,SYM T1,1720010,17200-BBB-0001,17200-BBB-0001,624.2688654692179,17200-BBB-0001.jpg
sp-5863,5863,تنك بنزين,SYM T1,1750010,17500-BBB-0101,17500-BBB-0101,10069.542316301431,17500-BBB-0101.jpg
sp-5865,5865,جوان جلد غطاء تنك,SYM T1,1762110,17621-B9A-0000,17621-B9A-0000,222.34233564657077,17621-B9A-0000.jpg
sp-5866,5866,سلك بنزين,SYM T1,1791010,17910-N7C-0002,17910-N7C-0002,106.72432111035398,17910-N7C-0002.jpg
sp-5867,5867,شكمان,SYM T1,1800010,18000-BBA-5100,18000-BBA-5100,2984.518274640509,18000-BBA-5100.jpg
sp-5869,5869,حلية شكمان,SYM T1,1831810,18318-B9A-0002,18318-BBH-0000,719.7620480866556,18318-B9A-0002.jpg
sp-5870,5870,دسك دبرياج 1-2,SYM T1,2210010,22100-N5A-A000,22100-N5A-A000,521.6493259400315,22100-N5A-A000.jpg
sp-5871,5871,دسك دبرياج 2-2,SYM T1,2212110,2212A-BBA-0000,22000-BBA-0000,1538.368,2212A-BBA-0000.jpg
sp-5874,5874,طقم ورق دبرياج,SYM T1,2220A10,2220A-BBA-0000,2220A-BBA-0000,128.27442441148318,2220A-BBA-0000.jpg
sp-5878,5878,سلك دبرياج,SYM T1,2287010,22870-BBA-0001,22870-BBA-0001,115.6180145362168,22870-BBA-0001.jpg
sp-5881,5881,شجرو تروس فتيس 24 -7  Collar 30X37X6,SYM T1,2321210,23212-NAA-0002,23212-NAA-0002,40.02162041638275,23212-NAA-0002.jpg
sp-5882,5882,شجرو تروس فتيس 24 -8 Collar 30X37X7.5,SYM T1,2321310,23213-NAA-0001,23213-NAA-0001,40.02162041638275,23213-NAA-0001.jpg
sp-5883,5883,شجرة تروس فتيس 1,SYM T1,2321110,2321A-BBH-0000,23211-BBH-0000,885.0935284392338,2321A-BBH-0000.jpg
sp-5884,5884,شجرة تروس فتيس DD1,SYM T1,2321110d,2321A-BBH-0100,2321A-BBH-0100,1047.5744660271125,2321A-BBH-0100.jpg
sp-5885,5885,شجرو تروس فتيس 2,SYM T1,2322110,2322A-BBH-0000,23221-BBH-0000,906.4725991744813,2322A-BBH-0000.jpg
sp-5886,5886,شجرو تروس فتيس 2,SYM T1,2322110d,2322A-BBH-0100,2322A-BBH-0100,1239.9861026443368,2322A-BBH-0100.jpg
sp-5887,5887,شجرو تروس فتيس 24 -3,SYM T1,2346110,23461-BBH-0000,23461-BBH-0000,346.3409459110045,23461-BBH-0000.jpg
sp-5888,5888,شجرو تروس فتيس 24 -4,SYM T1,2348110,23481-BBH-0000,23481-BBH-0000,500.27025520478435,23481-BBH-0000.jpg
sp-5889,5889,Sprocket drive 15T,SYM T1,2380110,23801-CGQ-A000,23801-CGQ-A000,128.27442441148318,23801-CGQ-A000.jpg
sp-5890,5890,Drive spr fixing plate,SYM T1,2381110,23811-KR3-6000-M1,23811-KR3-6000-M1,62.255853981039834,23811-KR3-6000-M1.jpg
sp-5895,5895,اكس غيارات,SYM T1,2461110,2461A-BBA-0101,2461A-BBA-0101,128.95855467501113,2461A-BBA-0101.jpg
sp-5899,5899,طقم رجل فرامل 11-4,SYM T1,2472410,24724-422-0000,24724-422-0000,62.255853981039834,24724-422-0000.jpg
sp-5900,5900,طقم رجل فرامل 11-5,SYM T1,2478110,24781-205-0000,24781-205-0000,102.27747439742258,24781-205-0000.jpg
sp-5905,5905,موبينة بوجية,SYM T1,3050010,30500-BBA-0000,30500-BBA-0000,205.23907905837305,30500-BBA-0000.jpg
sp-5906,5906,مغناطيس,SYM T1,3111010,31110-BBA-0000,31110-BBA-0000,691.8941381232572,31110-BBA-0000.jpg
sp-5907,5907,ملف كهرباء,SYM T1,3112010,31120-BBA-0000,31120-BBA-0000,1165.473611111111,31120-BBA-0000.jpg
sp-5908,5908,مارش,SYM T1,3120010,31200-BBA-0000,31200-BBA-0000-C,1030.0958437499999,31200-BBA-0000.jpg
sp-5909,5909,بطاريه (ضمان شهر او 300 كيلو ايهما اقرب ),SYM T1,3150010,31500-KV7-910E,31500-KV7-910E-E2,1389.6395977910684,31500-KV7-910E.jpg
sp-5911,5911,ضفيرة,SYM T1,3210010,32100-BBB-0100,32100-BBA-0200,1022.3861367510001,32100-BBB-0100.jpg
sp-5912,5912,فانوس امامي,SYM T1,3310010,33100-BBA-0002,33100-BBA-0002,1710.325658819776,33100-BBA-0002.jpg
sp-5913,5913,اشارة امامي يمين,SYM T1,3340010,33400-BBA-0001,33400-BBA-0001,677.7738495901294,33400-BBA-0001.jpg
sp-5914,5914,اشارة امامي شمال,SYM T1,3345010,33450-BBA-0001,33450-BBA-0001,677.7738495901294,33450-BBA-0001.jpg
sp-5915,5915,اشارة خلفي يمين,SYM T1,3360010,33600-BBB-0000,33600-BBB-0000,307.85861858755965,33600-BBB-0000.jpg
sp-5916,5916,اشارة خلفي شمال,SYM T1,3365010,33650-BBB-0000,33650-BBB-0000,307.85861858755965,33650-BBB-0000.jpg
sp-5917,5917,فانوس خلفى,SYM T1,3370010,33700-BBA-0001,33700-BBA-0001,919.3000416156293,33700-BBA-0001.jpg
sp-5918,5918,فانوس نمرة خلفى,SYM T1,3374010,33740-BBA-0000,33740-BBA-0000,102.27747439742258,33740-BBA-0000.jpg
sp-5922,5922,كتله كهرباء يمين,SYM T1,3515010,35150-BBA-0000,35150-BBA-0000,398.50781250000006,35150-BBA-0000.jpg
sp-5923,5923,كتله كهرباء شمال,SYM T1,3520010,35200-N7B-0100,35200-N7B-0100,459.31874999999997,35200-N7B-0100.jpg
sp-5924,5924,حساس فرامل,SYM T1,3533010,35330-M45-0000,35330-M45-0000,53.36216055517699,35330-M45-0000.jpg
sp-5926,5926,باغة عداد,SYM T1,3720410,37204-NAA-0000,37204-NAA-0000,128.27442441148318,37204-NAA-0000.jpg
sp-5927,5927,عداد,SYM T1,3720110,3720A-BBA-0102,3720A-BBA-0102,3078.586185875596,3720A-BBA-0102.jpg
sp-5928,5928,فبرة عداد,SYM T1,3721010,37210-B9A-0004,37210-B9A-0004,466.77637771956375,37210-B9A-0004.jpg
sp-5929,5929,عوامة بنزين,SYM T1,3780010,37800-BBA-0000,37800-BBA-0000,136.8260527055821,37800-BBA-0000.jpg
sp-5932,5932,غطاء جنزير,SYM T1,4051010,40510-B9A-0003,40510-B9A-0003,66.76522432432432,40510-B9A-0003.jpg
sp-5933,5933,جنزير,SYM T1,4053010,40530-N02-0003,40530-N02-0003,2159.2861442599665,40530-N02-0003.jpg
sp-5934,5934,وصله مقص,SYM T1,4054310,40543-BBA-0000,40543-BBA-0000,80.0432408327655,40543-BBA-0000.jpg
sp-5936,5936,Large gear chain,SYM T1,4120010,41200-N02-0005,41200-N02-0005,320.68606102870785,41200-N02-0005.jpg
sp-5938,5938,جنط خلفي,SYM T1,4260110,42601-B9A-1000,42601-B9A-1000,4981.921875,42601-B9A-1000.jpg
sp-5939,5939,جنط خلفي كامل,SYM T1,4260010,4260A-B9A-0000,4260A-B9A-0000,6417.997034721209,4260A-B9A-0000.jpg
sp-5942,5942,وش طمبوره خلفي,SYM T1,4300010,43000-BBA-0002,43000-BBA-0002,577.2349098516743,43000-BBA-0002.jpg
sp-5943,5943,تيل فرامل خلفى,SYM T1,4312A10,4312A-BBA-0001,4312A-BBA-0001,423.3056005578945,4312A-BBA-0001.jpg
sp-5944,5944,سيخ فرامل خلفى,SYM T1,4345110,4345A-BBA-0000,43451-BBA-0000,128.27442441148318,4345A-BBA-0000.jpg
sp-5946,5946,جنط امامي,SYM T1,4460110,44601-B9A-1003,44601-B9A-1003,4687.921875000001,44601-B9A-1003.jpg
sp-5949,5949,باكم فرامل امامى,SYM T1,4510010,45100-B9A-0001,45100-B9A-0001,833.0970234545345,45100-B9A-0001.jpg
sp-5950,5950,تيل فرامل امامى  A,SYM T1,4511310,45113-B7A-3000,45113-B7A-3000,160.34303051435393,45113-B7A-3000.jpg
sp-5951,5951,تيل فرامل خلفى B,SYM T1,4511410,45114-B7A-3000,45114-B7A-3000,160.34303051435393,45114-B7A-3000.jpg
sp-5953,5953,خرطوم باكم امامى,SYM T1,4512610,45126-B9A-0003,45126-B9A-0003,611.4414230280697,45126-B9A-0003.jpg
sp-5956,5956,رجل فرامل خلفي,SYM T1,4650010,46500-B9A-0005,46500-B9A-0005,213.790707352472,46500-B9A-0005.jpg
sp-5957,5957,طقم  بدال فتيس 14 -6,SYM T1,4651410,46514-B9A-9000,46514-B9A-9000,80.0432408327655,46514-B9A-9000.jpg
sp-5958,5958,طقم  بدال فتيس 14 -7,SYM T1,4651510,46515-B9A-0002,46515-B9A-0002,153.92930929377982,46515-B9A-0002.jpg
sp-5959,5959,شاسية,SYM T1,5010010,50100-BBA-0009,50100-BBA-0009,10000.0,50100-BBA-0009.jpg
sp-5962,5962,حامل امامى معدنى,SYM T1,5031510,50315-BBB-0000,50315-BBB-0000,384.8232732344495,50315-BBB-0000.jpg
sp-5964,5964,حمالة النص,SYM T1,5050010,50500-BBA-0000,50500-BBA-0000,543.0283966752787,50500-BBA-0000.jpg
sp-5965,5965,حمالة الجنب,SYM T1,5053010,50530-BBB-0000,50530-BBB-0000,128.27442441148318,50530-BBB-0000.jpg
sp-5967,5967,طقم دواسة رجل سائق امامي شمال,SYM T1,5061010,50610-BAK-0000,50610-BAK-0000,1309.21875,50610-BAK-0000.jpg
sp-5968,5968,حامل دواسة راكب شمال امامي,SYM T1,5061710,50617-BAK-0000,50617-BAK-0000,568.6832815575754,50617-BAK-0000.jpg
sp-5969,5969,طقم دواسة رجل سائق امامي يمين,SYM T1,5061310,5061A-BBA-0003,5061A-BBA-0003,1472.296875,5061A-BBA-0003.jpg
sp-5972,5972,حامل دواسة راكب يمين امامي,SYM T1,5061D10,5061D-BAK-0001,5061D-BAK-0001,743.9916615866024,5061D-BAK-0001.jpg
sp-5973,5973,طقم حامل+دواسة راكب خلفي يمين,SYM T1,5071010,50710-B9A-0007,50710-B9A-0007,1192.9521470267932,50710-B9A-0007.jpg
sp-5974,5974,حامل دواسة راكب خلفي  يمين,SYM T1,5071110,50711-B9A-0001,50711-B9A-0001,705.5093342631575,50711-B9A-0001.jpg
sp-5975,5975,دواسه راكب خلفي  يمين,SYM T1,5071510,50715-B9A-0000,50715-B9A-0000,303.5828044405103,50715-B9A-0000.jpg
sp-5976,5976,دواسه راكب خلفي شمال,SYM T1,5071810,50718-B9A-0000,50718-B9A-0000,303.5828044405103,50718-B9A-0000.jpg
sp-5979,5979,مشبك سلك,SYM T1,5110610,51106-BBA-0000,51106-BBA-0000,31.127926990519917,51106-BBA-0000.jpg
sp-5981,5981,مساعد امامي شمال,SYM T1,5150010,51500-BBA-0003,51500-BBA-0003,2501.8850114930406,51500-BBA-0003.jpg
sp-5982,5982,مقص كامل,SYM T1,5210110,5210A-BBA-0004,5210A-BBA-0004,1163.0214479974475,5210A-BBA-0004.jpg
sp-5983,5983,مساعد خلفي,SYM T1,5240010,52400-BBA-0001,52400-BBA-0001,2210.825711805556,52400-BBA-0001.jpg
sp-5984,5984,جادون,SYM T1,5310010,53100-BBA-0004,53100-BBA-0004,480.08981012634183,53100-BBA-0004.jpg
sp-5990,5990,مقبض يد شمال,SYM T1,5319010,53190-BBA-0001,53190-BBA-0001,128.27442441148318,53190-BBA-0001.jpg
sp-5992,5992,حامل أمامي فبرة عداد,SYM T1,5320110,53201-B9A-0003,53201-B9A-0003,102.27747439742258,53201-B9A-0003.jpg
sp-5993,5993,وش فانوس امامي,SYM T1,5320510,53205-B9A-0003,53205-B9A-0003-KC,381.2600947785751,53205-B9A-0003.jpg
sp-5994,5994,غطاء وش امامى,SYM T1,5320710,53207-B9A-0003,53207-B9A-0003,343.75,53207-B9A-0003.jpg
sp-5995,5995,غطاء وش امامى,SYM T1,5320710AG,53207-B9A-0003-AG,53207-B9A-0003,343.75,53207-B9A-0003-AG.jpg
sp-5996,5996,غطاء وش امامى,SYM T1,5320710BP,53207-B9A-0003-BP,53207-B9A-0003,343.75,53207-B9A-0003-BP.jpg
sp-5997,5997,غطاء وش امامى,SYM T1,5320710K,53207-B9A-0003-K,53207-B9A-0003,343.75,53207-B9A-0003-K.jpg
sp-5998,5998,غطاء وش امامى,SYM T1,5320710WD,53207-B9A-0003-WD,53207-B9A-0003,343.75,53207-B9A-0003-WD.jpg
sp-6003,6003,رفرف امامى,SYM T1,6110010,61100-B9A-0001,61100-B9A-0001,726.707515625,61100-B9A-0001.jpg
sp-6004,6004,رفرف امامى,SYM T1,6110010AG,61100-B9A-0001-AG,61100-B9A-0001,726.707515625,61100-B9A-0001-AG.jpg
sp-6005,6005,رفرف امامى,SYM T1,6110010BP,61100-B9A-0001-BP,61100-B9A-0001,726.707515625,61100-B9A-0001-BP.jpg
sp-6006,6006,رفرف امامى,SYM T1,6110010K,61100-B9A-0001-K,61100-B9A-0001,726.707515625,61100-B9A-0001-K.jpg
sp-6007,6007,رفرف امامى,SYM T1,6110010WD,61100-B9A-0001-WD,61100-B9A-0001,726.707515625,61100-B9A-0001-WD.jpg
sp-6015,6015,جنب فبر وسط 4 -1,SYM T1,6440110,64401-B9A-0000-AG,6430B-BBA-0005,610.0790384615384,64401-B9A-0000-AG.jpg
sp-6016,6016,فبرة تحت التنك شمال,SYM T1,6440210,64402-B9A-0005,64402-B9A-0005,40.60875000000001,64402-B9A-0005.jpg
sp-6017,6017,جنب فبر وسط 4 -2,SYM T1,6440310,64403-B9A-0001,64403-B9A-0001,72.856875,64403-B9A-0001.jpg
sp-6018,6018,كرسى امامى,SYM T1,7710110,7710A-B9A-0005,7710A-B9A-0005,525.925140087081,7710A-B9A-0005.jpg
sp-6019,6019,قفل كرسى,SYM T1,7723010,77230-B9A-0004,77230-B9A-0004,149.6534951467304,77230-B9A-0004.jpg
sp-6020,6020,واير شلتة,SYM T1,7724010,77240-B9A-0000,77240-B9A-0000,31.127926990519917,77240-B9A-0000.jpg
sp-6021,6021,كرسى خلفى,SYM T1,7730110,7730A-B9A-0010,7730A-B9A-0010,645.6479362044654,7730A-B9A-0010.jpg
sp-6022,6022,رفرف خلفى,SYM T1,8010110,80101-B9A-0105,80101-B9A-0105,338.5019533080806,80101-B9A-0105.jpg
sp-6023,6023,فبرة داخلى تحت الكرسى 2 -1,SYM T1,8010210,80102-B9A-0102,8010B-BBA-0001,152.7421875,80102-B9A-0102.jpg
sp-6024,6024,رفرف خلفى داخلى,SYM T1,8010310,80103-B9A-0006,80103-B9A-0006,54.941250000000004,80103-B9A-0006.jpg
sp-6025,6025,حامل بطائع,SYM T1,8130010,81300-BBA-0000,81300-BBA-0000-AG,726.8884049984047,81300-BBA-0000.jpg
sp-6030,6030,جنب فبر امامى شمال,SYM T1,8360010,83600-B9A-0003-KC,83600-B9A-0003-KC,980.765625,83600-B9A-0003-KC.jpg
sp-6031,6031,جنب خلفى شمال,SYM T1,8367010,83670-B9A-0004-AGK,83670-B9A-0004,509.53451919005806,83670-B9A-0004-AGK.jpg
sp-6032,6032,علامة تنك,SYM T1,8717010,87170-BAK-0000,87170-BAK-0000,10.749375,87170-BAK-0000.jpg
sp-6034,6034,مراية يمين,SYM T1,8811010,88110-BBB-0000,88110-BBB-0000,371.11547916666666,88110-BBB-0000.jpg
sp-6035,6035,مراية شمال,SYM T1,8812010,88120-BBB-0000,88120-BBB-0000,371.11547916666666,88120-BBB-0000.jpg
sp-6036,6036,طقم رجل فرامل 11-7,SYM T1,9006510,90065-B9A-0001,90065-B9A-0001,120.06486124914824,90065-B9A-0001.jpg
sp-6043,6043,وردة  قله الزيت  - 30X50X1.5,SYM T1,9040110,90401-NAA-0000,90401-NAA-0000,13.340540138794248,90401-NAA-0000.jpg
sp-6048,6048,اويسيل نص كرتيرا يمين  14*28*7,SYM T1,9120610,91206-CGA-0000,91206-CGA-0000,23.8875,91206-CGA-0000.jpg
sp-6054,6054,مسمار  5*12,SYM T1,9390310,93903-25240,93903-25240,8.893693425862837,93903-25240.jpg
sp-6068,6068,Ball bearing 6301,SYM T1,9610210,96100-63010-10,96100-63010-10,60.913125,96100-63010-10.jpg
sp-6069,6069,Ball bearing 6303,SYM T1,9610110,96100-63030-00,96100-63030-00,252.27303467591696,96100-63030-00.jpg
sp-6074,6074,نص كراتيرا يمين,x wolf,111008,11100-C50-0001,11100-C50-0001,1552.9902456240097,11100-C50-0001.jpg
sp-6075,6075,جوان نص  كرتيرا يمين,x wolf,111918,11191-C50-0000,11191-C50-0000,109.34440455147035,11191-C50-0000.jpg
sp-6076,6076,نص كراتيرا شمال,x wolf,112008,11200-CBA-0101,11200-CBA-0101,2398.0851171874997,11200-CBA-0101.jpg
sp-6081,6081,جوان وش زيت,x wolf,113938,11393-B04-0011,11393-B04-0011,97.11207499999998,11393-B04-0011.jpg
sp-6082,6082,جوان وش كهرباء,x wolf,113958,11395-CBA-A000,11395-CBA-A000,52.675824059562245,11395-CBA-A000.jpg
sp-6084,6084,جوان سلندر,x wolf,121918,12191-CBA-A000,12191-CBA-A000,17.360145427668563,12191-CBA-A000.jpg
sp-6085,6085,راس سلندر,x wolf,122008,12200-N7B-A000,12200-N7B-A000,5016.465999999999,12200-N7B-A000.jpg
sp-6087,6087,جوان غطاء كامة,x wolf,123398,12339-383-0001,12339-383-0001,4.7775,12339-383-0001.jpg
sp-6113,6113,ملحقات قله زيت1-5,x wolf,154598,15459-107-0000,15459-107-0000,62.255853981039834,15459-107-0000.jpg
sp-6116,6116,كربراتير,x wolf,161008,16100-NB1-0000,16100-NGA-0000,1154.4698197033485,16100-NB1-0000.jpg
sp-6117,6117,حنفيه بنزين,x wolf,169508,16950-NF1-0000,1695A-NF1-0001,212.4609375,16950-NF1-0000.jpg
sp-6120,6120,تنك بنزين,x wolf,175008,1750A-NB2-0001,1750A-NB2-0001,2676.6625,1750A-NB2-0001.jpg
sp-6121,6121,حليه تنك يمين,x wolf,175628,17562-NF1-0003,17562-NF1-0003,678.7265625,17562-NF1-0003.jpg
sp-6122,6122,حليه تنك شمال,x wolf,175638,17563-NF1-0004,17563-NF1-0004,678.7265625,17563-NF1-0004.jpg
sp-6123,6123,غطاء تنك,x wolf,176208,17620-N3A-A100=,17620-N3A-A100=,434.10937499999994,17620-N3A-A100=.jpg
sp-6124,6124,سلك بنزين,x wolf,179108,17910-NFA-0002,17910-NFA-0002,80.0432408327655,17910-NFA-0002.jpg
sp-6125,6125,سلك فرامل,x wolf,179508,17950-NFA-0003,17950-NFA-0003,108.688125,17950-NFA-0003.jpg
sp-6126,6126,شكمان,x wolf,180008,18000-N6U-0000,18000-N6U-0000,2892.9140625,18000-N6U-0000.jpg
sp-6128,6128,دسك دبرياج,x wolf,220008,22000-C50-A000,22000-C50-A000,483.88440625,22000-C50-A000.jpg
sp-6129,6129,دسك دبرياج 1-2,x wolf,221008,22100-N5A-A000,22100-N5A-A000,521.6493259400315,22100-N5A-A000.jpg
sp-6130,6130,دسك دبرياج 2-2,x wolf,221288,2212A-C50-A000,2212A-C50-A000,1375.0,2212A-C50-A000.jpg
sp-6133,6133,سلك دبرياج,x wolf,228708,22870-NFA-0002,22870-NFA-0002,175.30838002902698,22870-NFA-0002.jpg
sp-6135,6135,ملحقات شجرة تروس,x wolf,232118,23211-B11-0001,23211-B11-0001,21.49875,23211-B11-0001.jpg
sp-6136,6136,مجموعة ملحقات شجرة تروس 1,x wolf,2321A8,2321A-S08-0002,2321A-S08-0002,646.2040000000001,2321A-S08-0002.jpg
sp-6137,6137,مجموعة ملحقات شجرة تروس 2,x wolf,2322A8,2322A-S08-0000,2322A-S08-0000,660.8112357954546,2322A-S08-0000.jpg
sp-6138,6138,ملحقات شجرة تروس,x wolf,234268,23426-KC6-300A,23426-KC6-300A,123.02062500000001,23426-KC6-300A.jpg
sp-6139,6139,شجرة تروس فتيس,x wolf,234518,23451-S08-0001,23451-S08-0001,112.27124999999998,23451-S08-0001.jpg
sp-6140,6140,ملحقات شجرة تروس,x wolf,234618,23461-S08-0000,23461-S08-0000,63.301875,23461-S08-0000.jpg
sp-6141,6141,شجرة تروس فتيس,x wolf,234718,23471-S08-0000,23471-S08-0000,70.468125,23471-S08-0000.jpg
sp-6142,6142,ملحقات شجرة تروس,x wolf,234818,23481-S08-0000,23481-S08-0000,97.5,23481-S08-0000.jpg
sp-6143,6143,شجرة تروس فتيس,x wolf,234918,23491-S08-0001,23491-S08-0001,62.1075,23491-S08-0001.jpg
sp-6144,6144,شجرة تروس فتيس,x wolf,235308,23530-107-0002,23530-107-0002,69.27375,23530-107-0002.jpg
sp-6145,6145,ملحقات شجرة تروس,x wolf,238018,23801-B02-0002,23801-B02-0002,136.8260527055821,23801-B02-0002.jpg
sp-6146,6146,جوان تثبيت ترس شجرة تروس 2,x wolf,238118,23811-KR3-6000-M1,23811-KR3-6000-M1,62.255853981039834,23811-KR3-6000-M1.jpg
sp-6153,6153,عصايه غيارات,x wolf,247088,2470A-NFA-0001,2470A-NFA-0001,141.10186685263153,2470A-NFA-0001.jpg
sp-6161,6161,منافله,x wolf,283088,2830A-B3G-A001,28300-B3G-A001,295.1484375,2830A-B3G-A001.jpg
sp-6162,6162,الكترونى,x wolf,304008,30400-NFA-0000,30400-NFA-0000,175.30838002902698,30400-NFA-0000.jpg
sp-6163,6163,موبينه بوجيه,x wolf,305008,30500-NFA-0000,30500-NFA-0000,175.30838002902698,30500-NFA-0000.jpg
sp-6168,6168,بلاطة شحن,x wolf,316008,31600-NFA-0000,31600-NFA-0000,329.2376893228069,31600-NFA-0000.jpg
sp-6169,6169,ضفيرة,x wolf,321008,32100-NFA-0000,32100-NFA-0000,739.715847439553,32100-NFA-0000.jpg
sp-6170,6170,لقط مارش,x wolf,324088,3240A-NFA-0000,3240A-NFA-0000,183.75,3240A-NFA-0000.jpg
sp-6171,6171,فانوس امامي,x wolf,331008,33100-NFA-0000,33100-NFA-0000,752.5432898807012,33100-NFA-0000.jpg
sp-6172,6172,اشارة امامي يمين,x wolf,334008,33400-NF1-0000,33400-NF1-0000,200.9765625,33400-NF1-0000.jpg
sp-6173,6173,اشارة امامي شمال,x wolf,334508,33450-NF1-0000,33450-NF1-0000,200.9765625,33450-NF1-0000.jpg
sp-6174,6174,اشارة خلفي يمين,x wolf,336008,33600-NF1-0000,33600-NF1-0000,175.30838002902698,33600-NF1-0000.jpg
sp-6175,6175,اشارة خلفي شمال,x wolf,336508,33650-NF1-0000,33650-NF1-0000,175.30838002902698,33650-NF1-0000.jpg
sp-6176,6176,فانوس خلفى,x wolf,337008,33700-NF1-0000,33700-NF1-0000,307.85861858755965,33700-NF1-0000.jpg
sp-6177,6177,طقم لوك,x wolf,351008,35100-N7K-0000,35010-N7K-0002,423.3056005578945,35100-N7K-0000.jpg
sp-6178,6178,كتله كهرباء يمين,x wolf,351508,35150-NFA-0001,35150-NFA-0001,254.17337652439022,35150-NFA-0001.jpg
sp-6179,6179,كتله كهرباء شمال,x wolf,352008,35200-NF1-0001,35200-NF1-0001,332.2445727848101,35200-NF1-0001.jpg
sp-6181,6181,لقط مارش1-2,x wolf,358508,35850-NFA-0000,35850-NFA-0000,213.790707352472,35850-NFA-0000.jpg
sp-6183,6183,عداد,x wolf,372088,3720A-NB2-0000,3720A-NB2-0000,1265.640987526634,3720A-NB2-0000.jpg
sp-6184,6184,عوامة بنزين,x wolf,378008,37800-NF1-0000,37800-NF1-0000,175.7109375,37800-NF1-0000.jpg
sp-6186,6186,ماكنة اشارات,x wolf,383008,38300-NFA-0000,38300-NFA-0000,80.0432408327655,38300-NFA-0000.jpg
sp-6187,6187,غطاء جنزير,x wolf,405108,40510-N3G-A000,40510-N3G-A000,165.37499999999997,40510-N3G-A000.jpg
sp-6188,6188,فلانشه,x wolf,412418,41241-NF1-0000,41241-NF1-0000,247.99722052886753,41241-NF1-0000.jpg
sp-6190,6190,جنط خلفي,x wolf,426008,42600-NF1-0001,42600-NF1-0001,3502.734375,42600-NF1-0001.jpg
sp-6191,6191,ترس خلفى بالطنبورة,x wolf,426088,4260A-NF1-0001,4260A-NF1-0001,419.1796875,4260A-NF1-0001.jpg
sp-6192,6192,كاوتش خلفى,x wolf,427108,42710-NB2-0000,42710-N7B-8000-YX,2287.6875000000005,42710-NB2-0000.jpg
sp-6193,6193,وش طنبورة خلفى,x wolf,430088,4300A-NF1-0001,4300A-NF1-0001,731.5546875000001,4300A-NF1-0001.jpg
sp-6194,6194,سيخ فرامل خلفى,x wolf,434588,4345A-NGA-0000,4345A-NGA-0000,89.578125,4345A-NGA-0000.jpg
sp-6197,6197,جنط امامي كامل,x wolf,446008,44600-NGA-0001,44600-NGA-0001,2565.488488229663,44600-NGA-0001.jpg
sp-6198,6198,جنط امامي,x wolf,446018,44601-NF1-0000,44600-ND3-0000,2877.984375,44601-NF1-0000.jpg
sp-6199,6199,جلبه اكس عجله امامى,x wolf,446208,44620-N3H-A000,44620-N3H-A000,128.95855467501113,44620-N3H-A000.jpg
sp-6200,6200,كاوتش امامى,x wolf,447108,44710-NF1-0000,44710-N7B-8000-YX,1823.7187500000002,44710-NF1-0000.jpg
sp-6201,6201,سلك عداد -سلك سرعة,x wolf,448308,44830-NFA-0001,44830-N7K-0001,175.30838002902698,44830-NFA-0001.jpg
sp-6202,6202,خرطوم باكم امامى,x wolf,451268,45126-N7K-0000,45126-N7K-0000,307.85861858755965,45126-N7K-0000.jpg
sp-6203,6203,سللك فرامل,x wolf,454508,45450-NFA-0002,45450-NFA-0002,124.51170796207967,45450-NFA-0002.jpg
sp-6204,6204,رجل فرامل,x wolf,465008,46500-N7K-0101,46500-N7K-0101,380.11999999999995,46500-N7K-0101.jpg
sp-6207,6207,شاسية,x wolf,501008,50100-NFA-0100,50100-NFA-0100,10000.0,50100-NFA-0100.jpg
sp-6212,6212,حمالة النص,x wolf,505008,50500-B7G-0003,50500-B7G-0005,478.89118446953717,50500-B7G-0003.jpg
sp-6215,6215,دواسة راكب خلفي,x wolf,506128,50612-B1F-A000,50612-B1F-A000,53.36216055517699,50612-B1F-A000.jpg
sp-6216,6216,دواسة راكب خلفى,x wolf,506138,50613-B1F-A000,50613-B1F-A000,53.36216055517699,50613-B1F-A000.jpg
sp-6218,6218,حليه جنب الجنزير يمين,x wolf,508008,50800-N7K-0002,50800-N7K-0002,204.42187500000003,50800-N7K-0002.jpg
sp-6219,6219,حليه جنب الجنزير شمال,x wolf,509008,50900-N7K-0002,50900-N7K-0002,204.42187500000003,50900-N7K-0002.jpg
sp-6220,6220,مساعد امامي يمين,x wolf,514008,51400-NFA-0000,51400-B1F-A003,1577.953125,51400-NFA-0000.jpg
sp-6221,6221,مساعد امامي شمال,x wolf,515008,51500-NFA-0000,51500-B1F-A003,1577.953125,51500-NFA-0000.jpg
sp-6222,6222,مقص خلفي,x wolf,521008,52100-NFA-0003,5210A-NFA-0003,675.5786352338113,52100-NFA-0003.jpg
sp-6223,6223,مساعد خلفي,x wolf,524008,52400-NF1-0000,52400-NF1-0000,459.65002080781466,52400-NF1-0000.jpg
sp-6224,6224,جادون,x wolf,531008,53100-NF1-0001,53100-NF1-0001,458.2265625,53100-NF1-0001.jpg
sp-6225,6225,نص قفيز علوى,x wolf,531318,53131-B1F-A000,53131-B1F-A000,38.22,53131-B1F-A000.jpg
sp-6226,6226,نص قفيز سفلى,x wolf,531328,53132-B1F-A000,53132-B1F-A000,38.22,53132-B1F-A000.jpg
sp-6227,6227,مقبض بنزين,x wolf,531408,53140-NG1-0000,53140-NG1-0000,80.0432408327655,53140-NG1-0000.jpg
sp-6228,6228,مقبض جادون,x wolf,531668,53166-NG1-0000,53166-NG1-0000,44.191874999999996,53166-NG1-0000.jpg
sp-6233,6233,رقبة,x wolf,532008,53200-NF1-0000,53200-NF1-0000,668.390625,53200-NF1-0000.jpg
sp-6234,6234,صاموله رقبه,x wolf,532018,53201-B7F-0000,53201-B7F-0000,55.991787895453015,53201-B7F-0000.jpg
sp-6238,6238,ظرف بلى رقبه,x wolf,532208,53220-B08-0003,53220-B08-0003,88.93693425862833,53220-B08-0003.jpg
sp-6241,6241,ابق,x wolf,532318,53231-N7K-0001,53231-N7K-0001,265.2890625,53231-N7K-0001.jpg
sp-6242,6242,لوك رقبه,x wolf,536008,53600-B3G-A000,53600-B3G-A000,192.41163661722476,53600-B3G-A000.jpg
sp-6243,6243,رفرف امامى,x wolf,611008kg,61100-N7K-0004-kg,61100-N7K-0004-kg,989.1837478298611,61100-N7K-0004-kg.jpg
sp-6244,6244,رفرف امامى,x wolf,611008rd,61100-N7K-0004-rd,61100-N7K-0004-rd,989.1837478298611,61100-N7K-0004-rd.jpg
sp-6245,6245,head light stand,x wolf,613118,61311-NFA-0003,61311-NFA-0003,698.25,61311-NFA-0003.jpg
sp-6247,6247,وش امامي,x wolf,642008,64200-NFA-0000,6420A-NFA-0000,694.8197988955337,64200-NFA-0000.jpg
sp-6248,6248,وش امامي,x wolf,642008k,64200-NFA-0000-KPU,64200-NFA-0000-KPU,694.8197988955337,64200-NFA-0000-KPU.jpg
sp-6249,6249,وش امامي,x wolf,642008r,64200-NFA-0000-RPU,64200-NFA-0000-RPU,694.8197988955337,64200-NFA-0000-RPU.jpg
sp-6250,6250,كليبس وش امامى,x wolf,642018,64201-NFA-0000,64201-NFA-0000,102.27747439742258,64201-NFA-0000.jpg
sp-6251,6251,كرسى,x wolf,772008,77200-NF1-0001,77200-NF1-0003,872.2660859980856,77200-NF1-0001.jpg
sp-6252,6252,جنب فبر خلفى يمين,x wolf,773188,7731A-NFA-0001,7731A-NFA-0001-KPU,701.6953125,7731A-NFA-0001.jpg
sp-6253,6253,جنب فبر خلفى شمال,x wolf,773288,7732A-NFA-0001,7732A-NFA-0001-KPU,701.6953125,7732A-NFA-0001.jpg
sp-6254,6254,رفرف خلفى,x wolf,801008,80100-NF1-0000,80100-NF1-0000,623.6015625,80100-NF1-0000.jpg
sp-6255,6255,حامل بضائع,x wolf,812088,8120A-NF1-0001,8120A-NF1-0001,778.640625,8120A-NF1-0001.jpg
sp-6256,6256,جنب فبر امامى يمين,x wolf,835088kg,8350G-NFA-0000-Kg,8350G-NFA-0000-Kg,1575.65625,8350G-NFA-0000-Kg.jpg
sp-6257,6257,جنب فبر امامى يمين,x wolf,835088rd,8350G-NFA-0000-rd,8350G-NFA-0000-rd,1575.65625,8350G-NFA-0000-rd.jpg
sp-6258,6258,جنب فبر امامى شمال,x wolf,836088kg,8360G-NFA-0000-kg,8360G-NFA-0000-kg,1575.65625,8360G-NFA-0000-kg.jpg
sp-6259,6259,جنب فبر امامى شمال,x wolf,836088rd,8360G-NFA-0000-rd,8360G-NFA-0000-rd,1575.65625,8360G-NFA-0000-rd.jpg
sp-6267,6267,وردة ملحقات شجرة تروس  14MM,x wolf,904518,90451-B08-0000,90451-B08-0000,17.787386851725675,90451-B08-0000.jpg
sp-6268,6268,وردة ملحقات شجرة تروس  16.50MM,x wolf,904528,90452-B04-0001,90452-B04-0001,8.893693425862837,90452-B04-0001.jpg
sp-6269,6269,ملحقات شجرة تروس,x wolf,904538,90453-B04-0001,90453-B04-0001,1.194375,90453-B04-0001.jpg
sp-6270,6270,شجرة تروس فتيس,x wolf,904548,90454-B04-0002,90454-B04-0002,2.38875,90454-B04-0002.jpg
sp-6271,6271,ملحقات شجرة تروس,x wolf,904558,90455-B04-0002,90455-B04-0002,2.38875,90455-B04-0002.jpg
sp-6273,6273,وردة ملحقات شجرة تروس  16MM,x wolf,904628,90462-107-0000,90462-107-0000,22.23423356465708,90462-107-0000.jpg
sp-6278,6278,وردة لافيه,x wolf,913018,91301-200-0000,91301-200-0000,8.893693425862837,91301-200-0000.jpg
sp-6281,6281,ملحقات شجرة تروس,x wolf,921018,92101-05020-0H,92101-05020-0H,62.255853981039834,92101-05020-0H.jpg
sp-6290,6290,بلية عمود قمرات 6301,x wolf,630138,96100-63010-00,96100-63010-00,252.27303467591696,96100-63010-00.jpg
